County,State,Tvdma,Latitude (generated),Longitude (generated)
YUKON-KOYUKUK C.A. 27,ALASKA,"Unmeasured, AK DMA",,
YAKUTAT BOR. 26,ALASKA,"Unmeasured, AK DMA",,
WRANGELL-PETERS. C.A25,ALASKA,"Unmeasured, AK DMA",,
WADE HAMPTON C.A. 24,ALASKA,"Unmeasured, AK DMA",,
VALDEZ-CORDOVA C.A. 23,ALASKA,"Unmeasured, AK DMA",,
SKAGWAY-HOO.-ANG.C.A21,ALASKA,"Unmeasured, AK DMA",,
SITKA BOR. 20,ALASKA,"Unmeasured, AK DMA",,
PR.WALES-OUT.KET.C.A 19,ALASKA,"Unmeasured, AK DMA",,
NORTHWEST ARCTIC BO1R8.,ALASKA,"Unmeasured, AK DMA",,
NORTH SLOPE BOR. 17,ALASKA,"Unmeasured, AK DMA",,
NOME C.A. 16,ALASKA,"Unmeasured, AK DMA",,
LAKE & PENINSULA BOR14,ALASKA,"Unmeasured, AK DMA",,
KODIAK ISLAND BOR. 13,ALASKA,"Unmeasured, AK DMA",,
KETCHIKAN GATEWAY B1O2,ALASKA,"Unmeasured, AK DMA",,
HAINES BOR. 9,ALASKA,"Unmeasured, AK DMA",,
DILLINGHAM C.A. 7,ALASKA,"Unmeasured, AK DMA",,
BRISTOL BAY BOR. 5,ALASKA,"Unmeasured, AK DMA",,
BETHEL C.A. 4,ALASKA,"Unmeasured, AK DMA",,
ALEUTIANS WEST C.A. 2,ALASKA,"Unmeasured, AK DMA",,
ALEUTIANS EAST BOR. 1,ALASKA,"Unmeasured, AK DMA",,
COUNTY,STATE,TVDMA,,
WEBER,UTAH,"Salt Lake City, UT - ID - WY DMA",41.2554,-111.8947
WAYNE,UTAH,"Salt Lake City, UT - ID - WY DMA",38.33,-110.9058
WASHINGTON,UTAH,"Salt Lake City, UT - ID - WY DMA",37.3071,-113.4764
WASATCH,UTAH,"Salt Lake City, UT - ID - WY DMA",40.2966,-111.135
UTAH,UTAH,"Salt Lake City, UT - ID - WY DMA",40.1782,-111.691
UINTAH,UTAH,"Salt Lake City, UT - ID - WY DMA",40.1698,-109.5135
TOOELE,UTAH,"Salt Lake City, UT - ID - WY DMA",40.4924,-113.1134
SUMMIT,UTAH,"Salt Lake City, UT - ID - WY DMA",40.9014,-110.7554
SEVIER,UTAH,"Salt Lake City, UT - ID - WY DMA",38.7797,-111.7638
SANPETE,UTAH,"Salt Lake City, UT - ID - WY DMA",39.4342,-111.5243
SAN JUAN,UTAH,"Salt Lake City, UT - ID - WY DMA",37.7516,-109.7449
SALT LAKE,UTAH,"Salt Lake City, UT - ID - WY DMA",40.6684,-111.9031
RICH,UTAH,"Salt Lake City, UT - ID - WY DMA",41.5725,-111.2382
PIUTE,UTAH,"Salt Lake City, UT - ID - WY DMA",38.3283,-112.093
MORGAN,UTAH,"Salt Lake City, UT - ID - WY DMA",41.0775,-111.6511
MILLARD,UTAH,"Salt Lake City, UT - ID - WY DMA",39.0955,-113.0316
KANE,UTAH,"Salt Lake City, UT - ID - WY DMA",37.2729,-111.8853
JUAB,UTAH,"Salt Lake City, UT - ID - WY DMA",39.6657,-112.8826
IRON,UTAH,"Salt Lake City, UT - ID - WY DMA",37.8165,-113.3138
GRAND,UTAH,"Salt Lake City, UT - ID - WY DMA",39.0017,-109.5967
GARFIELD,UTAH,"Salt Lake City, UT - ID - WY DMA",37.8459,-111.4965
EMERY,UTAH,"Salt Lake City, UT - ID - WY DMA",39.1047,-110.7079
DUCHESNE,UTAH,"Salt Lake City, UT - ID - WY DMA",40.3319,-110.4366
DAVIS,UTAH,"Salt Lake City, UT - ID - WY DMA",40.9641,-112.0929
DAGGETT,UTAH,"Salt Lake City, UT - ID - WY DMA",40.8298,-109.6975
CARBON,UTAH,"Salt Lake City, UT - ID - WY DMA",39.641,-110.6021
CACHE,UTAH,"Salt Lake City, UT - ID - WY DMA",41.6848,-111.7322
BOX ELDER,UTAH,"Salt Lake City, UT - ID - WY DMA",41.5026,-112.9735
BEAVER,UTAH,"Salt Lake City, UT - ID - WY DMA",38.362,-113.2065
JUNEAU BOR. 10,ALASKA,"Juneau, AK DMA",,
SOUTHEAST FRBKS. C.A 22,ALASKA,"Fairbanks, AK DMA",,
FAIRBANKS NO.STAR BOR8.,ALASKA,"Fairbanks, AK DMA",,
DENALI BOR. 6,ALASKA,"Fairbanks, AK DMA",,
MATANUSKA-SUSITNA B1O5,ALASKA,"Anchorage, AK DMA",,
KENAI PENINSULA BOR. 11,ALASKA,"Anchorage, AK DMA",,
ANCHORAGE BOR. 3,ALASKA,"Anchorage, AK DMA",,
MUSKINGUM,OHIO," Zanesville, OH DMA",39.9623,-81.9624
IMPERIAL,CALIFORNIA," Yuma - El Centro, AZ - CA DMA",33.0271,-115.3605
YUMA,ARIZONA," Yuma - El Centro, AZ - CA DMA",32.7539,-113.9364
MERCER,PENNSYLVANIA," Youngstown, OH - PA DMA",41.279,-80.2594
TRUMBULL,OHIO," Youngstown, OH - PA DMA",41.3199,-80.7604
MAHONING,OHIO," Youngstown, OH - PA DMA",41.0189,-80.7594
COLUMBIANA,OHIO," Youngstown, OH - PA DMA",40.7609,-80.8031
YAKIMA,WASHINGTON," Yakima - Pasco - Richland - Kennewick, WA - OR DMA",46.5669,-120.6488
WALLA WALLA,WASHINGTON," Yakima - Pasco - Richland - Kennewick, WA - OR DMA",46.3041,-118.5042
KITTITAS,WASHINGTON," Yakima - Pasco - Richland - Kennewick, WA - OR DMA",47.1679,-120.6629
FRANKLIN,WASHINGTON," Yakima - Pasco - Richland - Kennewick, WA - OR DMA",46.4669,-118.9422
BENTON,WASHINGTON," Yakima - Pasco - Richland - Kennewick, WA - OR DMA",46.2826,-119.5709
UMATILLA,OREGON," Yakima - Pasco - Richland - Kennewick, WA - OR DMA",45.5072,-118.6314
MORROW,OREGON," Yakima - Pasco - Richland - Kennewick, WA - OR DMA",45.4638,-119.5752
PENDER,NORTH CAROLINA," Wilmington, NC DMA",34.5169,-77.9241
NEW HANOVER,NORTH CAROLINA," Wilmington, NC DMA",34.159,-77.8974
COLUMBUS,NORTH CAROLINA," Wilmington, NC DMA",34.215,-78.6198
BRUNSWICK,NORTH CAROLINA," Wilmington, NC DMA",34.1198,-78.2512
BLADEN,NORTH CAROLINA," Wilmington, NC DMA",34.6121,-78.5716
WYOMING,PENNSYLVANIA," Wilkes Barre - Scranton, PA DMA",41.5143,-76.007
WAYNE,PENNSYLVANIA," Wilkes Barre - Scranton, PA DMA",41.6172,-75.2609
UNION,PENNSYLVANIA," Wilkes Barre - Scranton, PA DMA",40.9777,-77.0484
SUSQUEHANNA,PENNSYLVANIA," Wilkes Barre - Scranton, PA DMA",41.8146,-75.8006
SULLIVAN,PENNSYLVANIA," Wilkes Barre - Scranton, PA DMA",41.4228,-76.5103
SNYDER,PENNSYLVANIA," Wilkes Barre - Scranton, PA DMA",40.7631,-77.1066
SCHUYLKILL,PENNSYLVANIA," Wilkes Barre - Scranton, PA DMA",40.7235,-76.1529
NORTHUMBERLAND,PENNSYLVANIA," Wilkes Barre - Scranton, PA DMA",40.8903,-76.6908
MONTOUR,PENNSYLVANIA," Wilkes Barre - Scranton, PA DMA",41.0278,-76.6629
MONROE,PENNSYLVANIA," Wilkes Barre - Scranton, PA DMA",41.033,-75.292
LYCOMING,PENNSYLVANIA," Wilkes Barre - Scranton, PA DMA",41.3309,-77.0538
LUZERNE,PENNSYLVANIA," Wilkes Barre - Scranton, PA DMA",41.1656,-75.9546
LACKAWANNA,PENNSYLVANIA," Wilkes Barre - Scranton, PA DMA",41.4017,-75.6407
COLUMBIA,PENNSYLVANIA," Wilkes Barre - Scranton, PA DMA",41.0429,-76.3977
CLINTON,PENNSYLVANIA," Wilkes Barre - Scranton, PA DMA",41.2215,-77.6231
CARBON,PENNSYLVANIA," Wilkes Barre - Scranton, PA DMA",40.9346,-75.7493
BRADFORD,PENNSYLVANIA," Wilkes Barre - Scranton, PA DMA",41.7731,-76.5107
YOUNG,TEXAS," Wichita Falls & Lawton, TX - OK DMA",33.1668,-98.6883
WILBARGER,TEXAS," Wichita Falls & Lawton, TX - OK DMA",34.1523,-99.2142
WICHITA,TEXAS," Wichita Falls & Lawton, TX - OK DMA",33.9973,-98.6882
THROCKMORTON,TEXAS," Wichita Falls & Lawton, TX - OK DMA",33.1541,-99.2122
KNOX,TEXAS," Wichita Falls & Lawton, TX - OK DMA",33.6159,-99.7337
KING,TEXAS," Wichita Falls & Lawton, TX - OK DMA",33.6116,-100.2558
HARDEMAN,TEXAS," Wichita Falls & Lawton, TX - OK DMA",34.315,-99.7365
FOARD,TEXAS," Wichita Falls & Lawton, TX - OK DMA",33.9777,-99.7617
CLAY,TEXAS," Wichita Falls & Lawton, TX - OK DMA",33.81,-98.2007
BAYLOR,TEXAS," Wichita Falls & Lawton, TX - OK DMA",33.616,-99.2137
ARCHER,TEXAS," Wichita Falls & Lawton, TX - OK DMA",33.6138,-98.6883
TILLMAN,OKLAHOMA," Wichita Falls & Lawton, TX - OK DMA",34.3822,-98.9386
STEPHENS,OKLAHOMA," Wichita Falls & Lawton, TX - OK DMA",34.4846,-97.8509
JEFFERSON,OKLAHOMA," Wichita Falls & Lawton, TX - OK DMA",34.0703,-97.8401
JACKSON,OKLAHOMA," Wichita Falls & Lawton, TX - OK DMA",34.5984,-99.3749
COTTON,OKLAHOMA," Wichita Falls & Lawton, TX - OK DMA",34.2753,-98.3742
COMANCHE,OKLAHOMA," Wichita Falls & Lawton, TX - OK DMA",34.6414,-98.4841
DUNDY,NEBRASKA," Wichita - Hutchinson Plus, KS - NE DMA",40.1776,-101.6884
WICHITA,KANSAS," Wichita - Hutchinson Plus, KS - NE DMA",38.4844,-101.3475
WALLACE,KANSAS," Wichita - Hutchinson Plus, KS - NE DMA",38.9078,-101.7635
TREGO,KANSAS," Wichita - Hutchinson Plus, KS - NE DMA",38.9139,-99.8731
THOMAS,KANSAS," Wichita - Hutchinson Plus, KS - NE DMA",39.3506,-101.056
SUMNER,KANSAS," Wichita - Hutchinson Plus, KS - NE DMA",37.2327,-97.4761
STEVENS,KANSAS," Wichita - Hutchinson Plus, KS - NE DMA",37.1918,-101.3117
STANTON,KANSAS," Wichita - Hutchinson Plus, KS - NE DMA",37.5694,-101.784
STAFFORD,KANSAS," Wichita - Hutchinson Plus, KS - NE DMA",38.0428,-98.6929
SHERMAN,KANSAS," Wichita - Hutchinson Plus, KS - NE DMA",39.3527,-101.72
SHERIDAN,KANSAS," Wichita - Hutchinson Plus, KS - NE DMA",39.3517,-100.4417
SEWARD,KANSAS," Wichita - Hutchinson Plus, KS - NE DMA",37.1844,-100.8516
SEDGWICK,KANSAS," Wichita - Hutchinson Plus, KS - NE DMA",37.6926,-97.4802
SCOTT,KANSAS," Wichita - Hutchinson Plus, KS - NE DMA",38.4893,-100.9072
SALINE,KANSAS," Wichita - Hutchinson Plus, KS - NE DMA",38.7896,-97.6502
RUSSELL,KANSAS," Wichita - Hutchinson Plus, KS - NE DMA",38.9163,-98.7621
RUSH,KANSAS," Wichita - Hutchinson Plus, KS - NE DMA",38.5192,-99.3097
ROOKS,KANSAS," Wichita - Hutchinson Plus, KS - NE DMA",39.3436,-99.3251
RICE,KANSAS," Wichita - Hutchinson Plus, KS - NE DMA",38.3404,-98.2024
RENO,KANSAS," Wichita - Hutchinson Plus, KS - NE DMA",37.9486,-98.0871
RAWLINS,KANSAS," Wichita - Hutchinson Plus, KS - NE DMA",39.7927,-101.0755
PRATT,KANSAS," Wichita - Hutchinson Plus, KS - NE DMA",37.6507,-98.74
PAWNEE,KANSAS," Wichita - Hutchinson Plus, KS - NE DMA",38.1817,-99.2412
OTTAWA,KANSAS," Wichita - Hutchinson Plus, KS - NE DMA",39.134,-97.6509
OSBORNE,KANSAS," Wichita - Hutchinson Plus, KS - NE DMA",39.3506,-98.7681
NORTON,KANSAS," Wichita - Hutchinson Plus, KS - NE DMA",39.7845,-99.9037
NESS,KANSAS," Wichita - Hutchinson Plus, KS - NE DMA",38.4805,-99.9165
MITCHELL,KANSAS," Wichita - Hutchinson Plus, KS - NE DMA",39.3898,-98.2098
MEADE,KANSAS," Wichita - Hutchinson Plus, KS - NE DMA",37.2402,-100.3633
MCPHERSON,KANSAS," Wichita - Hutchinson Plus, KS - NE DMA",38.3988,-97.6483
MARION,KANSAS," Wichita - Hutchinson Plus, KS - NE DMA",38.3482,-97.1048
LOGAN,KANSAS," Wichita - Hutchinson Plus, KS - NE DMA",38.9175,-101.1482
LINCOLN,KANSAS," Wichita - Hutchinson Plus, KS - NE DMA",39.0557,-98.2068
LANE,KANSAS," Wichita - Hutchinson Plus, KS - NE DMA",38.4745,-100.4666
KIOWA,KANSAS," Wichita - Hutchinson Plus, KS - NE DMA",37.5618,-99.2855
KINGMAN,KANSAS," Wichita - Hutchinson Plus, KS - NE DMA",37.5652,-98.1363
KEARNY,KANSAS," Wichita - Hutchinson Plus, KS - NE DMA",38.0015,-101.3222
HODGEMAN,KANSAS," Wichita - Hutchinson Plus, KS - NE DMA",38.1023,-99.8976
HASKELL,KANSAS," Wichita - Hutchinson Plus, KS - NE DMA",37.5692,-100.8713
HARVEY,KANSAS," Wichita - Hutchinson Plus, KS - NE DMA",38.0434,-97.4275
HARPER,KANSAS," Wichita - Hutchinson Plus, KS - NE DMA",37.1909,-98.0755
HAMILTON,KANSAS," Wichita - Hutchinson Plus, KS - NE DMA",38.0149,-101.793
GREENWOOD,KANSAS," Wichita - Hutchinson Plus, KS - NE DMA",37.889,-96.2419
GREELEY,KANSAS," Wichita - Hutchinson Plus, KS - NE DMA",38.4836,-101.8061
GRAY,KANSAS," Wichita - Hutchinson Plus, KS - NE DMA",37.7435,-100.4335
GRANT,KANSAS," Wichita - Hutchinson Plus, KS - NE DMA",37.5692,-101.3083
GRAHAM,KANSAS," Wichita - Hutchinson Plus, KS - NE DMA",39.3498,-99.883
GOVE,KANSAS," Wichita - Hutchinson Plus, KS - NE DMA",38.9015,-100.4835
FORD,KANSAS," Wichita - Hutchinson Plus, KS - NE DMA",37.6805,-99.8868
FINNEY,KANSAS," Wichita - Hutchinson Plus, KS - NE DMA",38.0013,-100.8836
ELLSWORTH,KANSAS," Wichita - Hutchinson Plus, KS - NE DMA",38.6895,-98.2026
ELLIS,KANSAS," Wichita - Hutchinson Plus, KS - NE DMA",38.9163,-99.3172
ELK,KANSAS," Wichita - Hutchinson Plus, KS - NE DMA",37.4531,-96.2441
EDWARDS,KANSAS," Wichita - Hutchinson Plus, KS - NE DMA",37.9097,-99.2959
DICKINSON,KANSAS," Wichita - Hutchinson Plus, KS - NE DMA",38.8729,-97.1495
DECATUR,KANSAS," Wichita - Hutchinson Plus, KS - NE DMA",39.7845,-100.4603
COWLEY,KANSAS," Wichita - Hutchinson Plus, KS - NE DMA",37.2332,-96.8375
COMANCHE,KANSAS," Wichita - Hutchinson Plus, KS - NE DMA",37.1882,-99.2727
CLARK,KANSAS," Wichita - Hutchinson Plus, KS - NE DMA",37.2305,-99.8179
CHEYENNE,KANSAS," Wichita - Hutchinson Plus, KS - NE DMA",39.7879,-101.7307
CHASE,KANSAS," Wichita - Hutchinson Plus, KS - NE DMA",38.3061,-96.5966
BUTLER,KANSAS," Wichita - Hutchinson Plus, KS - NE DMA",37.787,-96.8395
BARTON,KANSAS," Wichita - Hutchinson Plus, KS - NE DMA",38.4839,-98.7568
BARBER,KANSAS," Wichita - Hutchinson Plus, KS - NE DMA",37.2356,-98.6754
WETZEL,WEST VIRGINIA," Wheeling - Steubenville, WV - OH DMA",39.5757,-80.6598
TYLER,WEST VIRGINIA," Wheeling - Steubenville, WV - OH DMA",39.4508,-80.8217
OHIO,WEST VIRGINIA," Wheeling - Steubenville, WV - OH DMA",40.1011,-80.6141
MARSHALL,WEST VIRGINIA," Wheeling - Steubenville, WV - OH DMA",39.8776,-80.6555
HANCOCK,WEST VIRGINIA," Wheeling - Steubenville, WV - OH DMA",40.5165,-80.5704
BROOKE,WEST VIRGINIA," Wheeling - Steubenville, WV - OH DMA",40.2763,-80.5678
NOBLE,OHIO," Wheeling - Steubenville, WV - OH DMA",39.7635,-81.5073
MONROE,OHIO," Wheeling - Steubenville, WV - OH DMA",39.7046,-81.0568
JEFFERSON,OHIO," Wheeling - Steubenville, WV - OH DMA",40.3772,-80.7422
HARRISON,OHIO," Wheeling - Steubenville, WV - OH DMA",40.2967,-81.1052
GUERNSEY,OHIO," Wheeling - Steubenville, WV - OH DMA",40.0289,-81.4771
BELMONT,OHIO," Wheeling - Steubenville, WV - OH DMA",40.0117,-80.9866
ST. LUCIE,FLORIDA," West Palm Beach - Ft. Pierce, FL DMA",27.3823,-80.4869
PALM BEACH,FLORIDA," West Palm Beach - Ft. Pierce, FL DMA",26.6457,-80.4653
OKEECHOBEE,FLORIDA," West Palm Beach - Ft. Pierce, FL DMA",27.3016,-80.8409
MARTIN,FLORIDA," West Palm Beach - Ft. Pierce, FL DMA",27.0829,-80.4238
INDIAN RIVER,FLORIDA," West Palm Beach - Ft. Pierce, FL DMA",27.7062,-80.637
WOOD,WISCONSIN," Wausau - Rhinelander, WI DMA",44.4689,-90.0212
VILAS,WISCONSIN," Wausau - Rhinelander, WI DMA",46.0789,-89.4371
TAYLOR,WISCONSIN," Wausau - Rhinelander, WI DMA",45.2065,-90.4856
PRICE,WISCONSIN," Wausau - Rhinelander, WI DMA",45.6691,-90.3605
PORTAGE,WISCONSIN," Wausau - Rhinelander, WI DMA",44.4745,-89.475
ONEIDA,WISCONSIN," Wausau - Rhinelander, WI DMA",45.6879,-89.5447
MARATHON,WISCONSIN," Wausau - Rhinelander, WI DMA",44.8951,-89.7693
LINCOLN,WISCONSIN," Wausau - Rhinelander, WI DMA",45.3385,-89.7354
LANGLADE,WISCONSIN," Wausau - Rhinelander, WI DMA",45.2517,-89.0523
FOREST,WISCONSIN," Wausau - Rhinelander, WI DMA",45.729,-88.8616
ADAMS,WISCONSIN," Wausau - Rhinelander, WI DMA",43.9464,-89.7748
ST LAWRENCE,NEW YORK," Watertown, NY DMA",44.5333,-75.1606
LEWIS,NEW YORK," Watertown, NY DMA",43.8336,-75.4915
JEFFERSON,NEW YORK," Watertown, NY DMA",44.0407,-75.8085
MORGAN,WEST VIRGINIA," Washington, DC - MD - PA - VA - WV DMA",39.5438,-78.2986
MINERAL,WEST VIRGINIA," Washington, DC - MD - PA - VA - WV DMA",39.4433,-78.8643
JEFFERSON,WEST VIRGINIA," Washington, DC - MD - PA - VA - WV DMA",39.3165,-77.8596
HARDY,WEST VIRGINIA," Washington, DC - MD - PA - VA - WV DMA",38.9993,-78.8269
HAMPSHIRE,WEST VIRGINIA," Washington, DC - MD - PA - VA - WV DMA",39.3147,-78.6304
GRANT,WEST VIRGINIA," Washington, DC - MD - PA - VA - WV DMA",39.0712,-79.1885
BERKELEY,WEST VIRGINIA," Washington, DC - MD - PA - VA - WV DMA",39.4436,-78.0264
WINCHESTER,VIRGINIA," Washington, DC - MD - PA - VA - WV DMA",39.1673,-78.1735
WESTMORELAND,VIRGINIA," Washington, DC - MD - PA - VA - WV DMA",38.122,-76.9656
WARREN,VIRGINIA," Washington, DC - MD - PA - VA - WV DMA",38.8968,-78.1977
STAFFORD,VIRGINIA," Washington, DC - MD - PA - VA - WV DMA",38.4174,-77.4766
SPOTSYLVANIA,VIRGINIA," Washington, DC - MD - PA - VA - WV DMA",38.1861,-77.6566
SHENANDOAH,VIRGINIA," Washington, DC - MD - PA - VA - WV DMA",38.8538,-78.5869
RAPPAHANNOCK,VIRGINIA," Washington, DC - MD - PA - VA - WV DMA",38.6922,-78.1291
PRINCE WILLIAM,VIRGINIA," Washington, DC - MD - PA - VA - WV DMA",38.7221,-77.4444
PAGE,VIRGINIA," Washington, DC - MD - PA - VA - WV DMA",38.6265,-78.4806
MANASSAS PARK,VIRGINIA," Washington, DC - MD - PA - VA - WV DMA",38.7713,-77.4363
MANASSAS,VIRGINIA," Washington, DC - MD - PA - VA - WV DMA",38.7449,-77.4824
LOUDOUN,VIRGINIA," Washington, DC - MD - PA - VA - WV DMA",39.0858,-77.6642
KING GEORGE,VIRGINIA," Washington, DC - MD - PA - VA - WV DMA",38.2712,-77.1806
FREDERICKSBURG,VIRGINIA," Washington, DC - MD - PA - VA - WV DMA",38.2983,-77.4857
FREDERICK,VIRGINIA," Washington, DC - MD - PA - VA - WV DMA",39.2372,-78.2234
FAUQUIER,VIRGINIA," Washington, DC - MD - PA - VA - WV DMA",38.7121,-77.8162
FALLS CHURCH,VIRGINIA," Washington, DC - MD - PA - VA - WV DMA",38.8821,-77.1728
FAIRFAX CITY,VIRGINIA," Washington, DC - MD - PA - VA - WV DMA",38.852,-77.3021
FAIRFAX,VIRGINIA," Washington, DC - MD - PA - VA - WV DMA",38.8316,-77.3234
CULPEPER,VIRGINIA," Washington, DC - MD - PA - VA - WV DMA",38.5056,-78.0018
CLARKE,VIRGINIA," Washington, DC - MD - PA - VA - WV DMA",39.1225,-77.9705
ARLINGTON,VIRGINIA," Washington, DC - MD - PA - VA - WV DMA",38.8811,-77.1079
ALEXANDRIA,VIRGINIA," Washington, DC - MD - PA - VA - WV DMA",38.8152,-77.0903
FULTON,PENNSYLVANIA," Washington, DC - MD - PA - VA - WV DMA",39.9433,-78.0937
FRANKLIN,PENNSYLVANIA," Washington, DC - MD - PA - VA - WV DMA",40.0059,-77.7068
WASHINGTON,MARYLAND," Washington, DC - MD - PA - VA - WV DMA",39.5209,-77.7203
ST MARYS,MARYLAND," Washington, DC - MD - PA - VA - WV DMA",38.2752,-76.5122
PRINCE GEORGES,MARYLAND," Washington, DC - MD - PA - VA - WV DMA",38.8356,-76.8411
MONTGOMERY,MARYLAND," Washington, DC - MD - PA - VA - WV DMA",39.1442,-77.2388
FREDERICK,MARYLAND," Washington, DC - MD - PA - VA - WV DMA",39.4703,-77.3679
CHARLES,MARYLAND," Washington, DC - MD - PA - VA - WV DMA",38.4864,-77.1515
CALVERT,MARYLAND," Washington, DC - MD - PA - VA - WV DMA",38.5432,-76.5914
ALLEGANY,MARYLAND," Washington, DC - MD - PA - VA - WV DMA",39.5807,-78.5952
SAN SABA,TEXAS," Waco - Temple - Bryan, TX DMA",31.2064,-98.8303
ROBERTSON,TEXAS," Waco - Temple - Bryan, TX DMA",31.0267,-96.5129
MILLS,TEXAS," Waco - Temple - Bryan, TX DMA",31.4778,-98.6518
MILAM,TEXAS," Waco - Temple - Bryan, TX DMA",30.7849,-96.9758
MCLENNAN,TEXAS," Waco - Temple - Bryan, TX DMA",31.5514,-97.2004
MADISON,TEXAS," Waco - Temple - Bryan, TX DMA",30.9585,-95.9474
LIMESTONE,TEXAS," Waco - Temple - Bryan, TX DMA",31.5165,-96.5516
LEON,TEXAS," Waco - Temple - Bryan, TX DMA",31.3146,-95.9962
LAMPASAS,TEXAS," Waco - Temple - Bryan, TX DMA",31.2393,-98.2864
FALLS,TEXAS," Waco - Temple - Bryan, TX DMA",31.2537,-96.9393
CORYELL,TEXAS," Waco - Temple - Bryan, TX DMA",31.394,-97.8008
BURLESON,TEXAS," Waco - Temple - Bryan, TX DMA",30.5133,-96.6354
BRAZOS,TEXAS," Waco - Temple - Bryan, TX DMA",30.6529,-96.3806
BELL,TEXAS," Waco - Temple - Bryan, TX DMA",31.0402,-97.51
VICTORIA,TEXAS," Victoria, TX DMA",28.7954,-96.9415
OTSEGO,NEW YORK," Utica, NY DMA*",42.6115,-74.9894
ONEIDA,NEW YORK," Utica, NY DMA*",43.2406,-75.4975
HERKIMER,NEW YORK," Utica, NY DMA*",43.4652,-74.9411
WOOD,TEXAS," Tyler - Longview (Lufkin&Nacogdoches), TX DMA",32.7755,-95.3972
UPSHUR,TEXAS," Tyler - Longview (Lufkin&Nacogdoches), TX DMA",32.7068,-94.9274
TRINITY,TEXAS," Tyler - Longview (Lufkin&Nacogdoches), TX DMA",31.1046,-95.1246
SMITH,TEXAS," Tyler - Longview (Lufkin&Nacogdoches), TX DMA",32.4125,-95.2456
SAN AUGUSTINE,TEXAS," Tyler - Longview (Lufkin&Nacogdoches), TX DMA",31.377,-94.1756
RUSK,TEXAS," Tyler - Longview (Lufkin&Nacogdoches), TX DMA",32.1261,-94.7873
NACOGDOCHES,TEXAS," Tyler - Longview (Lufkin&Nacogdoches), TX DMA",31.5347,-94.5952
HOUSTON,TEXAS," Tyler - Longview (Lufkin&Nacogdoches), TX DMA",31.26,-95.4349
GREGG,TEXAS," Tyler - Longview (Lufkin&Nacogdoches), TX DMA",32.509,-94.8444
FRANKLIN,TEXAS," Tyler - Longview (Lufkin&Nacogdoches), TX DMA",33.179,-95.2164
CHEROKEE,TEXAS," Tyler - Longview (Lufkin&Nacogdoches), TX DMA",31.7826,-95.1853
ANGELINA,TEXAS," Tyler - Longview (Lufkin&Nacogdoches), TX DMA",31.2769,-94.6355
TWIN FALLS,IDAHO," Twin Falls, ID DMA",42.4569,-114.5536
MINIDOKA,IDAHO," Twin Falls, ID DMA",42.857,-113.5635
LINCOLN,IDAHO," Twin Falls, ID DMA",42.9844,-114.1546
JEROME,IDAHO," Twin Falls, ID DMA",42.672,-114.2745
GOODING,IDAHO," Twin Falls, ID DMA",42.9221,-114.8406
CASSIA,IDAHO," Twin Falls, ID DMA",42.3415,-113.6441
BLAINE,IDAHO," Twin Falls, ID DMA",43.3095,-113.8783
WASHINGTON,OKLAHOMA," Tulsa, OK - KS DMA",36.7061,-95.9052
WAGONER,OKLAHOMA," Tulsa, OK - KS DMA",35.9637,-95.5202
TULSA,OKLAHOMA," Tulsa, OK - KS DMA",36.1403,-96.0299
ROGERS,OKLAHOMA," Tulsa, OK - KS DMA",36.3402,-95.6238
PITTSBURG,OKLAHOMA," Tulsa, OK - KS DMA",34.9475,-95.7985
PAWNEE,OKLAHOMA," Tulsa, OK - KS DMA",36.3612,-96.7798
OSAGE,OKLAHOMA," Tulsa, OK - KS DMA",36.5814,-96.4481
OKMULGEE,OKLAHOMA," Tulsa, OK - KS DMA",35.6142,-95.9529
OKFUSKEE,OKLAHOMA," Tulsa, OK - KS DMA",35.4649,-96.2645
NOWATA,OKLAHOMA," Tulsa, OK - KS DMA",36.7972,-95.6211
MUSKOGEE,OKLAHOMA," Tulsa, OK - KS DMA",35.5593,-95.4202
MCINTOSH,OKLAHOMA," Tulsa, OK - KS DMA",35.3474,-95.6632
MAYES,OKLAHOMA," Tulsa, OK - KS DMA",36.2892,-95.2206
LATIMER,OKLAHOMA," Tulsa, OK - KS DMA",34.8722,-95.2527
HASKELL,OKLAHOMA," Tulsa, OK - KS DMA",35.2553,-95.1327
DELAWARE,OKLAHOMA," Tulsa, OK - KS DMA",36.4176,-94.8052
CREEK,OKLAHOMA," Tulsa, OK - KS DMA",35.9083,-96.3245
CRAIG,OKLAHOMA," Tulsa, OK - KS DMA",36.7555,-95.2156
CHEROKEE,OKLAHOMA," Tulsa, OK - KS DMA",35.9006,-95.0432
ADAIR,OKLAHOMA," Tulsa, OK - KS DMA",35.9006,-94.6623
MONTGOMERY,KANSAS," Tulsa, OK - KS DMA",37.1913,-95.7428
CHAUTAUQUA,KANSAS," Tulsa, OK - KS DMA",37.1503,-96.2448
SANTA CRUZ,ARIZONA," Tucson (Nogales), AZ DMA",31.5332,-110.812
PIMA,ARIZONA," Tucson (Nogales), AZ DMA",31.9681,-111.7806
COCHISE,ARIZONA," Tucson (Nogales), AZ DMA",31.8901,-109.7497
WISE,VIRGINIA," Tri - Cities, TN - VA - KY DMA",37.0011,-82.6307
WASHINGTON,VIRGINIA," Tri - Cities, TN - VA - KY DMA",36.7615,-81.9556
SMYTH,VIRGINIA," Tri - Cities, TN - VA - KY DMA",36.823,-81.5102
SCOTT,VIRGINIA," Tri - Cities, TN - VA - KY DMA",36.7396,-82.5828
RUSSELL,VIRGINIA," Tri - Cities, TN - VA - KY DMA",36.9262,-82.0747
NORTON,VIRGINIA," Tri - Cities, TN - VA - KY DMA",36.9301,-82.6355
LEE,VIRGINIA," Tri - Cities, TN - VA - KY DMA",36.7435,-82.9795
DICKENSON,VIRGINIA," Tri - Cities, TN - VA - KY DMA",37.1314,-82.361
BUCHANAN,VIRGINIA," Tri - Cities, TN - VA - KY DMA",37.2884,-82.0618
BRISTOL,VIRGINIA," Tri - Cities, TN - VA - KY DMA",36.6362,-82.1156
WASHINGTON,TENNESSEE," Tri - Cities, TN - VA - KY DMA",36.2721,-82.4879
UNICOI,TENNESSEE," Tri - Cities, TN - VA - KY DMA",36.1074,-82.474
SULLIVAN,TENNESSEE," Tri - Cities, TN - VA - KY DMA",36.5041,-82.3115
JOHNSON,TENNESSEE," Tri - Cities, TN - VA - KY DMA",36.4379,-81.852
HAWKINS,TENNESSEE," Tri - Cities, TN - VA - KY DMA",36.4187,-82.9469
GREENE,TENNESSEE," Tri - Cities, TN - VA - KY DMA",36.171,-82.9074
CARTER,TENNESSEE," Tri - Cities, TN - VA - KY DMA",36.3073,-82.1558
LETCHER,KENTUCKY," Tri - Cities, TN - VA - KY DMA",37.1142,-82.8932
LESLIE,KENTUCKY," Tri - Cities, TN - VA - KY DMA",37.1023,-83.3517
WEXFORD,MICHIGAN," Traverse City - Cadillac, MI DMA",44.3357,-85.5789
ROSCOMMON,MICHIGAN," Traverse City - Cadillac, MI DMA",44.3421,-84.612
PRESQUE ISLE,MICHIGAN," Traverse City - Cadillac, MI DMA",45.4127,-84.0168
OTSEGO,MICHIGAN," Traverse City - Cadillac, MI DMA",45.0285,-84.6094
OSCODA,MICHIGAN," Traverse City - Cadillac, MI DMA",44.6802,-84.1299
OSCEOLA,MICHIGAN," Traverse City - Cadillac, MI DMA",43.989,-85.3253
MONTMORENCY,MICHIGAN," Traverse City - Cadillac, MI DMA",45.0287,-84.1298
MISSAUKEE,MICHIGAN," Traverse City - Cadillac, MI DMA",44.3375,-85.0957
MECOSTA,MICHIGAN," Traverse City - Cadillac, MI DMA",43.641,-85.3244
MASON,MICHIGAN," Traverse City - Cadillac, MI DMA",43.9975,-86.2606
MANISTEE,MICHIGAN," Traverse City - Cadillac, MI DMA",44.3411,-86.0462
MACKINAC,MICHIGAN," Traverse City - Cadillac, MI DMA",46.0418,-84.9015
LUCE,MICHIGAN," Traverse City - Cadillac, MI DMA",46.4984,-85.5522
LEELANAU,MICHIGAN," Traverse City - Cadillac, MI DMA",44.9933,-85.7066
LAKE,MICHIGAN," Traverse City - Cadillac, MI DMA",43.9949,-85.8016
KALKASKA,MICHIGAN," Traverse City - Cadillac, MI DMA",44.6868,-85.0916
GRAND TRAVERSE,MICHIGAN," Traverse City - Cadillac, MI DMA",44.7525,-85.6908
EMMET,MICHIGAN," Traverse City - Cadillac, MI DMA",45.5315,-84.9213
CRAWFORD,MICHIGAN," Traverse City - Cadillac, MI DMA",44.679,-84.6107
CLARE,MICHIGAN," Traverse City - Cadillac, MI DMA",43.9892,-84.847
CHIPPEWA,MICHIGAN," Traverse City - Cadillac, MI DMA",46.357,-84.6847
CHEBOYGAN,MICHIGAN," Traverse City - Cadillac, MI DMA",45.4927,-84.4897
CHARLEVOIX,MICHIGAN," Traverse City - Cadillac, MI DMA",45.2443,-85.059
BENZIE,MICHIGAN," Traverse City - Cadillac, MI DMA",44.6464,-86.0352
ANTRIM,MICHIGAN," Traverse City - Cadillac, MI DMA",45.011,-85.1136
WASHINGTON,KANSAS," Topeka, KS DMA",39.7912,-97.0874
WABAUNSEE,KANSAS," Topeka, KS DMA",38.975,-96.2241
SHAWNEE,KANSAS," Topeka, KS DMA",39.0407,-95.724
RILEY,KANSAS," Topeka, KS DMA",39.3056,-96.8015
POTTAWATOMIE,KANSAS," Topeka, KS DMA",39.3466,-96.3539
OSAGE,KANSAS," Topeka, KS DMA",38.6542,-95.7293
NEMAHA,KANSAS," Topeka, KS DMA",39.7853,-96.0142
MORRIS,KANSAS," Topeka, KS DMA",38.6985,-96.6403
MARSHALL,KANSAS," Topeka, KS DMA",39.7854,-96.523
LYON,KANSAS," Topeka, KS DMA",38.4561,-96.1521
JEFFERSON,KANSAS," Topeka, KS DMA",39.2278,-95.385
JACKSON,KANSAS," Topeka, KS DMA",39.4411,-95.8028
GEARY,KANSAS," Topeka, KS DMA",39.0482,-96.7322
COFFEY,KANSAS," Topeka, KS DMA",38.2295,-95.7381
CLOUD,KANSAS," Topeka, KS DMA",39.469,-97.6492
CLAY,KANSAS," Topeka, KS DMA",39.35,-97.1652
BROWN,KANSAS," Topeka, KS DMA",39.8201,-95.5642
WYANDOT,OHIO," Toledo, OH - MI DMA",40.8401,-83.314
WOOD,OHIO," Toledo, OH - MI DMA",41.3911,-83.6498
WILLIAMS,OHIO," Toledo, OH - MI DMA",41.569,-84.593
SENECA,OHIO," Toledo, OH - MI DMA",41.1246,-83.1279
SANDUSKY,OHIO," Toledo, OH - MI DMA",41.3799,-83.1309
PUTNAM,OHIO," Toledo, OH - MI DMA",41.0154,-84.1114
OTTAWA,OHIO," Toledo, OH - MI DMA",41.5403,-83.2077
LUCAS,OHIO," Toledo, OH - MI DMA",41.5756,-83.7457
HENRY,OHIO," Toledo, OH - MI DMA",41.3226,-84.0553
HANCOCK,OHIO," Toledo, OH - MI DMA",41,-83.6505
FULTON,OHIO," Toledo, OH - MI DMA",41.6027,-84.1318
DEFIANCE,OHIO," Toledo, OH - MI DMA",41.2973,-84.5157
LENAWEE,MICHIGAN," Toledo, OH - MI DMA",41.8957,-84.0658
VIGO,INDIANA," Terre Haute, IN - IL DMA",39.435,-87.3855
VERMILLION,INDIANA," Terre Haute, IN - IL DMA",39.8784,-87.4557
SULLIVAN,INDIANA," Terre Haute, IN - IL DMA",39.0809,-87.4202
PARKE,INDIANA," Terre Haute, IN - IL DMA",39.7787,-87.1924
MARTIN,INDIANA," Terre Haute, IN - IL DMA",38.7056,-86.8034
KNOX,INDIANA," Terre Haute, IN - IL DMA",38.662,-87.4295
GREENE,INDIANA," Terre Haute, IN - IL DMA",39.0348,-86.9615
DAVIESS,INDIANA," Terre Haute, IN - IL DMA",38.6977,-87.0972
CLAY,INDIANA," Terre Haute, IN - IL DMA",39.3825,-87.091
RICHLAND,ILLINOIS," Terre Haute, IN - IL DMA",38.7098,-88.0966
LAWRENCE,ILLINOIS," Terre Haute, IN - IL DMA",38.709,-87.7143
JASPER,ILLINOIS," Terre Haute, IN - IL DMA",39.0124,-88.1545
EDGAR,ILLINOIS," Terre Haute, IN - IL DMA",39.6827,-87.7497
CRAWFORD,ILLINOIS," Terre Haute, IN - IL DMA",39.016,-87.7586
CLAY,ILLINOIS," Terre Haute, IN - IL DMA",38.7567,-88.4773
CLARK,ILLINOIS," Terre Haute, IN - IL DMA",39.323,-87.8036
SARASOTA,FLORIDA," Tampa - St. Petersburg - Sarasota, FL DMA",27.1675,-82.2674
POLK,FLORIDA," Tampa - St. Petersburg - Sarasota, FL DMA",28.0031,-81.7384
PINELLAS,FLORIDA," Tampa - St. Petersburg - Sarasota, FL DMA",27.9341,-82.7715
PASCO,FLORIDA," Tampa - St. Petersburg - Sarasota, FL DMA",28.3248,-82.3938
MANATEE,FLORIDA," Tampa - St. Petersburg - Sarasota, FL DMA",27.4274,-82.3328
HILLSBOROUGH,FLORIDA," Tampa - St. Petersburg - Sarasota, FL DMA",27.9097,-82.2405
HIGHLANDS,FLORIDA," Tampa - St. Petersburg - Sarasota, FL DMA",27.3401,-81.3049
HERNANDO,FLORIDA," Tampa - St. Petersburg - Sarasota, FL DMA",28.5644,-82.4065
HARDEE,FLORIDA," Tampa - St. Petersburg - Sarasota, FL DMA",27.4929,-81.8094
CITRUS,FLORIDA," Tampa - St. Petersburg - Sarasota, FL DMA",28.8593,-82.4374
THOMAS,GEORGIA," Tallahassee - Thomasville, FL - GA DMA",30.8684,-83.9073
MILLER,GEORGIA," Tallahassee - Thomasville, FL - GA DMA",31.1629,-84.7302
LOWNDES,GEORGIA," Tallahassee - Thomasville, FL - GA DMA",30.8282,-83.2435
LANIER,GEORGIA," Tallahassee - Thomasville, FL - GA DMA",31.0139,-83.0752
GRADY,GEORGIA," Tallahassee - Thomasville, FL - GA DMA",30.8775,-84.2288
ECHOLS,GEORGIA," Tallahassee - Thomasville, FL - GA DMA",30.732,-82.9459
DECATUR,GEORGIA," Tallahassee - Thomasville, FL - GA DMA",30.8823,-84.5722
CLINCH,GEORGIA," Tallahassee - Thomasville, FL - GA DMA",30.8844,-82.7311
BROOKS,GEORGIA," Tallahassee - Thomasville, FL - GA DMA",30.8589,-83.5455
WAKULLA,FLORIDA," Tallahassee - Thomasville, FL - GA DMA",30.1363,-84.3717
TAYLOR,FLORIDA," Tallahassee - Thomasville, FL - GA DMA",29.9856,-83.5757
SUWANNEE,FLORIDA," Tallahassee - Thomasville, FL - GA DMA",30.163,-83.0132
MADISON,FLORIDA," Tallahassee - Thomasville, FL - GA DMA",30.4557,-83.4724
LEON,FLORIDA," Tallahassee - Thomasville, FL - GA DMA",30.4796,-84.2219
LAFAYETTE,FLORIDA," Tallahassee - Thomasville, FL - GA DMA",30.0414,-83.1969
JEFFERSON,FLORIDA," Tallahassee - Thomasville, FL - GA DMA",30.3778,-83.9384
HAMILTON,FLORIDA," Tallahassee - Thomasville, FL - GA DMA",30.476,-82.9714
GADSDEN,FLORIDA," Tallahassee - Thomasville, FL - GA DMA",30.5501,-84.6353
TOMPKINS,NEW YORK," Syracuse, NY DMA*",42.4439,-76.4727
SENECA,NEW YORK," Syracuse, NY DMA*",42.7838,-76.8577
OSWEGO,NEW YORK," Syracuse, NY DMA*",43.4316,-76.2142
ONONDAGA,NEW YORK," Syracuse, NY DMA*",43.0228,-76.2029
MADISON,NEW YORK," Syracuse, NY DMA*",42.9545,-75.7265
CORTLAND,NEW YORK," Syracuse, NY DMA*",42.6006,-76.0718
CAYUGA,NEW YORK," Syracuse, NY DMA*",43.0195,-76.6022
WASHINGTON,MISSOURI," St. Louis, MO - IL DMA",37.9701,-90.868
WARREN,MISSOURI," St. Louis, MO - IL DMA",38.7692,-91.1898
STE GENEVIEVE,MISSOURI," St. Louis, MO - IL DMA",37.8995,-90.1973
ST LOUIS CITY,MISSOURI," St. Louis, MO - IL DMA",38.6529,-90.241
ST LOUIS,MISSOURI," St. Louis, MO - IL DMA",38.6443,-90.5089
ST FRANCOIS,MISSOURI," St. Louis, MO - IL DMA",37.86,-90.5396
ST CHARLES,MISSOURI," St. Louis, MO - IL DMA",38.7506,-90.7313
PIKE,MISSOURI," St. Louis, MO - IL DMA",39.3683,-91.1708
LINCOLN,MISSOURI," St. Louis, MO - IL DMA",39.0483,-90.9874
JEFFERSON,MISSOURI," St. Louis, MO - IL DMA",38.2529,-90.5695
IRON,MISSOURI," St. Louis, MO - IL DMA",37.5072,-90.6587
GASCONADE,MISSOURI," St. Louis, MO - IL DMA",38.4294,-91.5057
FRANKLIN,MISSOURI," St. Louis, MO - IL DMA",38.4568,-91.052
CRAWFORD,MISSOURI," St. Louis, MO - IL DMA",37.9553,-91.3106
WASHINGTON,ILLINOIS," St. Louis, MO - IL DMA",38.3664,-89.4248
ST CLAIR,ILLINOIS," St. Louis, MO - IL DMA",38.439,-89.9328
RANDOLPH,ILLINOIS," St. Louis, MO - IL DMA",38.0133,-89.8253
MONTGOMERY,ILLINOIS," St. Louis, MO - IL DMA",39.2602,-89.4209
MONROE,ILLINOIS," St. Louis, MO - IL DMA",38.3052,-90.1415
MARION,ILLINOIS," St. Louis, MO - IL DMA",38.6548,-88.9187
MADISON,ILLINOIS," St. Louis, MO - IL DMA",38.8281,-89.8552
MACOUPIN,ILLINOIS," St. Louis, MO - IL DMA",39.2597,-89.9251
JERSEY,ILLINOIS," St. Louis, MO - IL DMA",39.094,-90.3706
GREENE,ILLINOIS," St. Louis, MO - IL DMA",39.322,-90.3808
FAYETTE,ILLINOIS," St. Louis, MO - IL DMA",38.98,-89.0318
CLINTON,ILLINOIS," St. Louis, MO - IL DMA",38.5805,-89.4237
CALHOUN,ILLINOIS," St. Louis, MO - IL DMA",39.1343,-90.6554
BOND,ILLINOIS," St. Louis, MO - IL DMA",38.8833,-89.4467
WORTH,MISSOURI," St. Joseph, MO - KS DMA",40.4778,-94.4318
NODAWAY,MISSOURI," St. Joseph, MO - KS DMA",40.3528,-94.8889
HOLT,MISSOURI," St. Joseph, MO - KS DMA",40.0637,-95.2324
DE KALB,MISSOURI," St. Joseph, MO - KS DMA",39.8962,-94.4047
BUCHANAN,MISSOURI," St. Joseph, MO - KS DMA",39.6759,-94.8051
ANDREW,MISSOURI," St. Joseph, MO - KS DMA",39.9749,-94.8019
DONIPHAN,KANSAS," St. Joseph, MO - KS DMA",39.8103,-95.108
WRIGHT,MISSOURI," Springfield, MO - AR DMA",37.2725,-92.4725
WEBSTER,MISSOURI," Springfield, MO - AR DMA",37.2756,-92.8844
TEXAS,MISSOURI," Springfield, MO - AR DMA",37.3295,-91.9496
TANEY,MISSOURI," Springfield, MO - AR DMA",36.6632,-93.0397
STONE,MISSOURI," Springfield, MO - AR DMA",36.7415,-93.4417
ST CLAIR,MISSOURI," Springfield, MO - AR DMA",38.0293,-93.7825
SHANNON,MISSOURI," Springfield, MO - AR DMA",37.1531,-91.3443
PULASKI,MISSOURI," Springfield, MO - AR DMA",37.8222,-92.2172
POLK,MISSOURI," Springfield, MO - AR DMA",37.623,-93.3955
PHELPS,MISSOURI," Springfield, MO - AR DMA",37.8779,-91.7751
OZARK,MISSOURI," Springfield, MO - AR DMA",36.6527,-92.4424
OREGON,MISSOURI," Springfield, MO - AR DMA",36.6933,-91.3993
LAWRENCE,MISSOURI," Springfield, MO - AR DMA",37.1077,-93.8331
LACLEDE,MISSOURI," Springfield, MO - AR DMA",37.6879,-92.5972
HOWELL,MISSOURI," Springfield, MO - AR DMA",36.7824,-91.8936
HICKORY,MISSOURI," Springfield, MO - AR DMA",37.9393,-93.2909
GREENE,MISSOURI," Springfield, MO - AR DMA",37.2588,-93.3336
DOUGLAS,MISSOURI," Springfield, MO - AR DMA",36.9281,-92.4991
DENT,MISSOURI," Springfield, MO - AR DMA",37.6036,-91.4819
DALLAS,MISSOURI," Springfield, MO - AR DMA",37.6614,-93.012
DADE,MISSOURI," Springfield, MO - AR DMA",37.4384,-93.85
CHRISTIAN,MISSOURI," Springfield, MO - AR DMA",36.955,-93.122
CEDAR,MISSOURI," Springfield, MO - AR DMA",37.7342,-93.8397
CAMDEN,MISSOURI," Springfield, MO - AR DMA",38.0296,-92.7914
BENTON,MISSOURI," Springfield, MO - AR DMA",38.2997,-93.2977
BARRY,MISSOURI," Springfield, MO - AR DMA",36.7224,-93.8227
NEWTON,ARKANSAS," Springfield, MO - AR DMA",35.9251,-93.2148
MARION,ARKANSAS," Springfield, MO - AR DMA",36.2812,-92.7095
FULTON,ARKANSAS," Springfield, MO - AR DMA",36.3698,-91.8038
CARROLL,ARKANSAS," Springfield, MO - AR DMA",36.3108,-93.5564
BOONE,ARKANSAS," Springfield, MO - AR DMA",36.303,-93.0935
BAXTER,ARKANSAS," Springfield, MO - AR DMA",36.233,-92.3172
HAMPSHIRE,MASSACHUSETTS," Springfield - Holyoke, MA DMA",42.3699,-72.7142
HAMPDEN,MASSACHUSETTS," Springfield - Holyoke, MA DMA",42.1702,-72.6267
FRANKLIN,MASSACHUSETTS," Springfield - Holyoke, MA DMA",42.519,-72.5621
WHITMAN,WASHINGTON," Spokane, WA - ID - MT - OR DMA",46.8409,-117.522
STEVENS,WASHINGTON," Spokane, WA - ID - MT - OR DMA",48.3997,-117.8489
SPOKANE,WASHINGTON," Spokane, WA - ID - MT - OR DMA",47.6423,-117.4305
PEND OREILLE,WASHINGTON," Spokane, WA - ID - MT - OR DMA",48.5392,-117.2681
OKANOGAN,WASHINGTON," Spokane, WA - ID - MT - OR DMA",48.4732,-119.7409
LINCOLN,WASHINGTON," Spokane, WA - ID - MT - OR DMA",47.6123,-118.3998
GRANT,WASHINGTON," Spokane, WA - ID - MT - OR DMA",47.284,-119.492
GARFIELD,WASHINGTON," Spokane, WA - ID - MT - OR DMA",46.3542,-117.5476
FERRY,WASHINGTON," Spokane, WA - ID - MT - OR DMA",48.4175,-118.5235
COLUMBIA,WASHINGTON," Spokane, WA - ID - MT - OR DMA",46.3041,-117.9269
ASOTIN,WASHINGTON," Spokane, WA - ID - MT - OR DMA",46.2299,-117.1874
ADAMS,WASHINGTON," Spokane, WA - ID - MT - OR DMA",46.9968,-118.4708
WALLOWA,OREGON," Spokane, WA - ID - MT - OR DMA",45.5415,-117.127
LINCOLN,MONTANA," Spokane, WA - ID - MT - OR DMA",48.4634,-115.4496
SHOSHONE,IDAHO," Spokane, WA - ID - MT - OR DMA",47.5044,-116.0148
NEZ PERCE,IDAHO," Spokane, WA - ID - MT - OR DMA",46.2443,-116.8216
LEWIS,IDAHO," Spokane, WA - ID - MT - OR DMA",46.2308,-116.3601
LATAH,IDAHO," Spokane, WA - ID - MT - OR DMA",46.8386,-116.6846
KOOTENAI,IDAHO," Spokane, WA - ID - MT - OR DMA",47.6775,-116.6828
IDAHO,IDAHO," Spokane, WA - ID - MT - OR DMA",45.8945,-115.5619
CLEARWATER,IDAHO," Spokane, WA - ID - MT - OR DMA",46.5961,-115.6489
BOUNDARY,IDAHO," Spokane, WA - ID - MT - OR DMA",48.7983,-116.4171
BONNER,IDAHO," Spokane, WA - ID - MT - OR DMA",48.3729,-116.5425
BENEWAH,IDAHO," Spokane, WA - ID - MT - OR DMA",47.2169,-116.6847
CASS,MICHIGAN," South Bend - Elkhart, IN - MI DMA",41.9156,-85.9918
BERRIEN,MICHIGAN," South Bend - Elkhart, IN - MI DMA",42.0019,-86.3892
STARKE,INDIANA," South Bend - Elkhart, IN - MI DMA",41.298,-86.6191
ST JOSEPH,INDIANA," South Bend - Elkhart, IN - MI DMA",41.5981,-86.2736
PULASKI,INDIANA," South Bend - Elkhart, IN - MI DMA",41.041,-86.6992
MARSHALL,INDIANA," South Bend - Elkhart, IN - MI DMA",41.3315,-86.2622
LAGRANGE,INDIANA," South Bend - Elkhart, IN - MI DMA",41.6374,-85.426
KOSCIUSKO,INDIANA," South Bend - Elkhart, IN - MI DMA",41.2387,-85.8534
FULTON,INDIANA," South Bend - Elkhart, IN - MI DMA",41.041,-86.2066
ELKHART,INDIANA," South Bend - Elkhart, IN - MI DMA",41.5984,-85.8585
YANKTON,SOUTH DAKOTA," Sioux Falls (Mitchell), SD - IA - MN - NE DMA",42.9885,-97.3979
WALWORTH,SOUTH DAKOTA," Sioux Falls (Mitchell), SD - IA - MN - NE DMA",45.4185,-100.0052
TURNER,SOUTH DAKOTA," Sioux Falls (Mitchell), SD - IA - MN - NE DMA",43.2823,-97.1623
TRIPP,SOUTH DAKOTA," Sioux Falls (Mitchell), SD - IA - MN - NE DMA",43.3729,-99.874
TODD,SOUTH DAKOTA," Sioux Falls (Mitchell), SD - IA - MN - NE DMA",43.2001,-100.7209
SULLY,SOUTH DAKOTA," Sioux Falls (Mitchell), SD - IA - MN - NE DMA",44.7218,-100.1486
STANLEY,SOUTH DAKOTA," Sioux Falls (Mitchell), SD - IA - MN - NE DMA",44.4757,-100.8679
SPINK,SOUTH DAKOTA," Sioux Falls (Mitchell), SD - IA - MN - NE DMA",44.9383,-98.3497
SANBORN,SOUTH DAKOTA," Sioux Falls (Mitchell), SD - IA - MN - NE DMA",44.0181,-98.0913
ROBERTS,SOUTH DAKOTA," Sioux Falls (Mitchell), SD - IA - MN - NE DMA",45.6165,-97.0395
POTTER,SOUTH DAKOTA," Sioux Falls (Mitchell), SD - IA - MN - NE DMA",45.0726,-99.9482
MOODY,SOUTH DAKOTA," Sioux Falls (Mitchell), SD - IA - MN - NE DMA",44.0178,-96.671
MINNEHAHA,SOUTH DAKOTA," Sioux Falls (Mitchell), SD - IA - MN - NE DMA",43.6819,-96.7914
MINER,SOUTH DAKOTA," Sioux Falls (Mitchell), SD - IA - MN - NE DMA",44.0156,-97.6104
MELLETTE,SOUTH DAKOTA," Sioux Falls (Mitchell), SD - IA - MN - NE DMA",43.6213,-100.7295
MCPHERSON,SOUTH DAKOTA," Sioux Falls (Mitchell), SD - IA - MN - NE DMA",45.7725,-99.2213
MCCOOK,SOUTH DAKOTA," Sioux Falls (Mitchell), SD - IA - MN - NE DMA",43.6809,-97.368
MARSHALL,SOUTH DAKOTA," Sioux Falls (Mitchell), SD - IA - MN - NE DMA",45.7472,-97.6034
LYMAN,SOUTH DAKOTA," Sioux Falls (Mitchell), SD - IA - MN - NE DMA",43.8596,-99.8372
LINCOLN,SOUTH DAKOTA," Sioux Falls (Mitchell), SD - IA - MN - NE DMA",43.2924,-96.7518
LAKE,SOUTH DAKOTA," Sioux Falls (Mitchell), SD - IA - MN - NE DMA",44.0162,-97.1294
KINGSBURY,SOUTH DAKOTA," Sioux Falls (Mitchell), SD - IA - MN - NE DMA",44.3874,-97.491
JONES,SOUTH DAKOTA," Sioux Falls (Mitchell), SD - IA - MN - NE DMA",43.9467,-100.7155
JERAULD,SOUTH DAKOTA," Sioux Falls (Mitchell), SD - IA - MN - NE DMA",44.0666,-98.6291
HYDE,SOUTH DAKOTA," Sioux Falls (Mitchell), SD - IA - MN - NE DMA",44.538,-99.4821
HUTCHINSON,SOUTH DAKOTA," Sioux Falls (Mitchell), SD - IA - MN - NE DMA",43.3148,-97.7556
HUGHES,SOUTH DAKOTA," Sioux Falls (Mitchell), SD - IA - MN - NE DMA",44.3239,-99.9126
HANSON,SOUTH DAKOTA," Sioux Falls (Mitchell), SD - IA - MN - NE DMA",43.676,-97.7865
HAND,SOUTH DAKOTA," Sioux Falls (Mitchell), SD - IA - MN - NE DMA",44.538,-99.0009
HAMLIN,SOUTH DAKOTA," Sioux Falls (Mitchell), SD - IA - MN - NE DMA",44.6668,-97.1884
GREGORY,SOUTH DAKOTA," Sioux Falls (Mitchell), SD - IA - MN - NE DMA",43.2494,-99.2429
GRANT,SOUTH DAKOTA," Sioux Falls (Mitchell), SD - IA - MN - NE DMA",45.1518,-96.7912
FAULK,SOUTH DAKOTA," Sioux Falls (Mitchell), SD - IA - MN - NE DMA",45.0748,-99.1452
EDMUNDS,SOUTH DAKOTA," Sioux Falls (Mitchell), SD - IA - MN - NE DMA",45.3854,-99.2152
DOUGLAS,SOUTH DAKOTA," Sioux Falls (Mitchell), SD - IA - MN - NE DMA",43.3497,-98.3573
DEUEL,SOUTH DAKOTA," Sioux Falls (Mitchell), SD - IA - MN - NE DMA",44.7615,-96.668
DAY,SOUTH DAKOTA," Sioux Falls (Mitchell), SD - IA - MN - NE DMA",45.3724,-97.6037
DAVISON,SOUTH DAKOTA," Sioux Falls (Mitchell), SD - IA - MN - NE DMA",43.6763,-98.1462
CODINGTON,SOUTH DAKOTA," Sioux Falls (Mitchell), SD - IA - MN - NE DMA",44.9775,-97.1883
CLAY,SOUTH DAKOTA," Sioux Falls (Mitchell), SD - IA - MN - NE DMA",42.888,-96.9833
CLARK,SOUTH DAKOTA," Sioux Falls (Mitchell), SD - IA - MN - NE DMA",44.8426,-97.7342
CHARLES MIX,SOUTH DAKOTA," Sioux Falls (Mitchell), SD - IA - MN - NE DMA",43.1697,-98.475
BUFFALO,SOUTH DAKOTA," Sioux Falls (Mitchell), SD - IA - MN - NE DMA",44.0651,-99.2264
BRULE,SOUTH DAKOTA," Sioux Falls (Mitchell), SD - IA - MN - NE DMA",43.7182,-99.101
BROWN,SOUTH DAKOTA," Sioux Falls (Mitchell), SD - IA - MN - NE DMA",45.5899,-98.3509
BROOKINGS,SOUTH DAKOTA," Sioux Falls (Mitchell), SD - IA - MN - NE DMA",44.3681,-96.7905
BON HOMME,SOUTH DAKOTA," Sioux Falls (Mitchell), SD - IA - MN - NE DMA",42.9662,-97.8652
BEADLE,SOUTH DAKOTA," Sioux Falls (Mitchell), SD - IA - MN - NE DMA",44.4159,-98.2773
AURORA,SOUTH DAKOTA," Sioux Falls (Mitchell), SD - IA - MN - NE DMA",43.7246,-98.5603
CHERRY,NEBRASKA," Sioux Falls (Mitchell), SD - IA - MN - NE DMA",42.5459,-101.125
ROCK,MINNESOTA," Sioux Falls (Mitchell), SD - IA - MN - NE DMA",43.6746,-96.2532
PIPESTONE,MINNESOTA," Sioux Falls (Mitchell), SD - IA - MN - NE DMA",44.0241,-96.2588
NOBLES,MINNESOTA," Sioux Falls (Mitchell), SD - IA - MN - NE DMA",43.6789,-95.7531
MURRAY,MINNESOTA," Sioux Falls (Mitchell), SD - IA - MN - NE DMA",44.0223,-95.7634
LINCOLN,MINNESOTA," Sioux Falls (Mitchell), SD - IA - MN - NE DMA",44.408,-96.2656
OSCEOLA,IOWA," Sioux Falls (Mitchell), SD - IA - MN - NE DMA",43.3805,-95.624
LYON,IOWA," Sioux Falls (Mitchell), SD - IA - MN - NE DMA",43.3789,-96.1922
UNION,SOUTH DAKOTA," Sioux City, IA - NE - SD DMA",42.7825,-96.7134
WAYNE,NEBRASKA," Sioux City, IA - NE - SD DMA",42.2225,-97.0955
THURSTON,NEBRASKA," Sioux City, IA - NE - SD DMA",42.1468,-96.5714
STANTON,NEBRASKA," Sioux City, IA - NE - SD DMA",41.9215,-97.194
PIERCE,NEBRASKA," Sioux City, IA - NE - SD DMA",42.2696,-97.6014
MADISON,NEBRASKA," Sioux City, IA - NE - SD DMA",41.922,-97.6008
KNOX,NEBRASKA," Sioux City, IA - NE - SD DMA",42.662,-97.8954
DIXON,NEBRASKA," Sioux City, IA - NE - SD DMA",42.5131,-96.8689
DAKOTA,NEBRASKA," Sioux City, IA - NE - SD DMA",42.4022,-96.5708
CEDAR,NEBRASKA," Sioux City, IA - NE - SD DMA",42.609,-97.2505
WOODBURY,IOWA," Sioux City, IA - NE - SD DMA",42.3866,-96.0407
SIOUX,IOWA," Sioux City, IA - NE - SD DMA",43.0847,-96.1572
SAC,IOWA," Sioux City, IA - NE - SD DMA",42.3887,-95.0899
PLYMOUTH,IOWA," Sioux City, IA - NE - SD DMA",42.7356,-96.2455
PALO ALTO,IOWA," Sioux City, IA - NE - SD DMA",43.0818,-94.6781
O BRIEN,IOWA," Sioux City, IA - NE - SD DMA",43.0766,-95.6242
MONONA,IOWA," Sioux City, IA - NE - SD DMA",42.0396,-95.9525
IDA,IOWA," Sioux City, IA - NE - SD DMA",42.3883,-95.4964
DICKINSON,IOWA," Sioux City, IA - NE - SD DMA",43.3759,-95.1509
CLAY,IOWA," Sioux City, IA - NE - SD DMA",43.0784,-95.1509
CHEROKEE,IOWA," Sioux City, IA - NE - SD DMA",42.742,-95.6238
BUENA VISTA,IOWA," Sioux City, IA - NE - SD DMA",42.7359,-95.1507
TITUS,TEXAS," Shreveport, LA - AR - OK - TX DMA",33.19,-94.9689
SHELBY,TEXAS," Shreveport, LA - AR - OK - TX DMA",31.7749,-94.127
SABINE,TEXAS," Shreveport, LA - AR - OK - TX DMA",31.3731,-93.8461
RED RIVER,TEXAS," Shreveport, LA - AR - OK - TX DMA",33.6418,-95.0283
PANOLA,TEXAS," Shreveport, LA - AR - OK - TX DMA",32.1837,-94.3114
MORRIS,TEXAS," Shreveport, LA - AR - OK - TX DMA",33.1234,-94.7341
MARION,TEXAS," Shreveport, LA - AR - OK - TX DMA",32.7826,-94.3622
HARRISON,TEXAS," Shreveport, LA - AR - OK - TX DMA",32.5634,-94.3724
CASS,TEXAS," Shreveport, LA - AR - OK - TX DMA",33.101,-94.3483
CAMP,TEXAS," Shreveport, LA - AR - OK - TX DMA",32.99,-94.9935
BOWIE,TEXAS," Shreveport, LA - AR - OK - TX DMA",33.4761,-94.3949
MCCURTAIN,OKLAHOMA," Shreveport, LA - AR - OK - TX DMA",34.0618,-94.8152
WEBSTER,LOUISIANA," Shreveport, LA - AR - OK - TX DMA",32.7147,-93.3158
SABINE,LOUISIANA," Shreveport, LA - AR - OK - TX DMA",31.5062,-93.4781
RED RIVER,LOUISIANA," Shreveport, LA - AR - OK - TX DMA",32.062,-93.319
NATCHITOCHES,LOUISIANA," Shreveport, LA - AR - OK - TX DMA",31.7492,-93.205
DE SOTO,LOUISIANA," Shreveport, LA - AR - OK - TX DMA",32.0954,-93.7859
CLAIBORNE,LOUISIANA," Shreveport, LA - AR - OK - TX DMA",32.8018,-92.9816
CADDO,LOUISIANA," Shreveport, LA - AR - OK - TX DMA",32.6083,-93.9011
BOSSIER,LOUISIANA," Shreveport, LA - AR - OK - TX DMA",32.6292,-93.599
BIENVILLE,LOUISIANA," Shreveport, LA - AR - OK - TX DMA",32.3661,-93.0878
SEVIER,ARKANSAS," Shreveport, LA - AR - OK - TX DMA",33.9723,-94.2701
NEVADA,ARKANSAS," Shreveport, LA - AR - OK - TX DMA",33.7056,-93.2912
MILLER,ARKANSAS," Shreveport, LA - AR - OK - TX DMA",33.3159,-93.8695
LITTLE RIVER,ARKANSAS," Shreveport, LA - AR - OK - TX DMA",33.7397,-94.2264
LAFAYETTE,ARKANSAS," Shreveport, LA - AR - OK - TX DMA",33.2538,-93.5929
HOWARD,ARKANSAS," Shreveport, LA - AR - OK - TX DMA",34.0525,-93.9546
HEMPSTEAD,ARKANSAS," Shreveport, LA - AR - OK - TX DMA",33.7433,-93.7147
COLUMBIA,ARKANSAS," Shreveport, LA - AR - OK - TX DMA",33.2362,-93.2328
GRAYSON,TEXAS," Sherman - Ada, OK - TX DMA",33.6831,-96.662
PUSHMATAHA,OKLAHOMA," Sherman - Ada, OK - TX DMA",34.4191,-95.413
PONTOTOC,OKLAHOMA," Sherman - Ada, OK - TX DMA",34.7367,-96.6696
MARSHALL,OKLAHOMA," Sherman - Ada, OK - TX DMA",33.9982,-96.776
LOVE,OKLAHOMA," Sherman - Ada, OK - TX DMA",33.8942,-97.3498
JOHNSTON,OKLAHOMA," Sherman - Ada, OK - TX DMA",34.3082,-96.6703
COAL,OKLAHOMA," Sherman - Ada, OK - TX DMA",34.5929,-96.3021
CHOCTAW,OKLAHOMA," Sherman - Ada, OK - TX DMA",34.0129,-95.5473
CARTER,OKLAHOMA," Sherman - Ada, OK - TX DMA",34.2927,-97.248
BRYAN,OKLAHOMA," Sherman - Ada, OK - TX DMA",33.9223,-96.246
ATOKA,OKLAHOMA," Sherman - Ada, OK - TX DMA",34.4595,-95.9621
WHATCOM,WASHINGTON," Seattle - Tacoma, WA DMA",48.8219,-121.7266
THURSTON,WASHINGTON," Seattle - Tacoma, WA DMA",46.9724,-122.8948
SNOHOMISH,WASHINGTON," Seattle - Tacoma, WA DMA",48.0379,-121.682
SKAGIT,WASHINGTON," Seattle - Tacoma, WA DMA",48.4771,-121.7638
SAN JUAN,WASHINGTON," Seattle - Tacoma, WA DMA",48.6522,-122.8183
PIERCE,WASHINGTON," Seattle - Tacoma, WA DMA",47.0256,-122.0375
PACIFIC,WASHINGTON," Seattle - Tacoma, WA DMA",46.5179,-123.6271
MASON,WASHINGTON," Seattle - Tacoma, WA DMA",47.3456,-123.3253
LEWIS,WASHINGTON," Seattle - Tacoma, WA DMA",46.5892,-122.3843
KITSAP,WASHINGTON," Seattle - Tacoma, WA DMA",47.6727,-122.6826
KING,WASHINGTON," Seattle - Tacoma, WA DMA",47.4335,-121.8726
JEFFERSON,WASHINGTON," Seattle - Tacoma, WA DMA",47.8319,-123.6728
ISLAND,WASHINGTON," Seattle - Tacoma, WA DMA",48.1587,-122.5982
GRAYS HARBOR,WASHINGTON," Seattle - Tacoma, WA DMA",47.1649,-123.8418
DOUGLAS,WASHINGTON," Seattle - Tacoma, WA DMA",47.6869,-119.7491
CLALLAM,WASHINGTON," Seattle - Tacoma, WA DMA",48.13,-124.0838
CHELAN,WASHINGTON," Seattle - Tacoma, WA DMA",47.9098,-120.5391
JASPER,SOUTH CAROLINA," Savannah, GA - SC DMA",32.3944,-81.0109
HAMPTON,SOUTH CAROLINA," Savannah, GA - SC DMA",32.789,-81.1028
BEAUFORT,SOUTH CAROLINA," Savannah, GA - SC DMA",32.4803,-80.6733
WAYNE,GEORGIA," Savannah, GA - SC DMA",31.5786,-81.9153
TOOMBS,GEORGIA," Savannah, GA - SC DMA",32.1275,-82.3265
TATTNALL,GEORGIA," Savannah, GA - SC DMA",32.0537,-82.0532
SCREVEN,GEORGIA," Savannah, GA - SC DMA",32.7678,-81.6249
MONTGOMERY,GEORGIA," Savannah, GA - SC DMA",32.1518,-82.5334
MCINTOSH,GEORGIA," Savannah, GA - SC DMA",31.4956,-81.4702
LONG,GEORGIA," Savannah, GA - SC DMA",31.7775,-81.797
LIBERTY,GEORGIA," Savannah, GA - SC DMA",31.8255,-81.5252
JEFF DAVIS,GEORGIA," Savannah, GA - SC DMA",31.8214,-82.666
EVANS,GEORGIA," Savannah, GA - SC DMA",32.1637,-81.8891
EFFINGHAM,GEORGIA," Savannah, GA - SC DMA",32.346,-81.3226
CHATHAM,GEORGIA," Savannah, GA - SC DMA",32.0419,-81.1414
CANDLER,GEORGIA," Savannah, GA - SC DMA",32.4128,-82.0614
BULLOCH,GEORGIA," Savannah, GA - SC DMA",32.4037,-81.7281
BRYAN,GEORGIA," Savannah, GA - SC DMA",31.9846,-81.4508
BACON,GEORGIA," Savannah, GA - SC DMA",31.5642,-82.446
APPLING,GEORGIA," Savannah, GA - SC DMA",31.7234,-82.3271
SANTA BARBARA,CALIFORNIA," Santa Barbara - Santa Maria - San Luis Obispo, CA DMA",34.7446,-120.0357
SAN LUIS OBISPO,CALIFORNIA," Santa Barbara - Santa Maria - San Luis Obispo, CA DMA",35.3474,-120.336
SONOMA,CALIFORNIA," San Francisco - Oakland - San Jose, CA DMA",38.4826,-122.8587
SOLANO,CALIFORNIA," San Francisco - Oakland - San Jose, CA DMA",38.29,-121.9027
SANTA CLARA,CALIFORNIA," San Francisco - Oakland - San Jose, CA DMA",37.1901,-121.7207
SAN MATEO,CALIFORNIA," San Francisco - Oakland - San Jose, CA DMA",37.4084,-122.3109
SAN FRANCISCO,CALIFORNIA," San Francisco - Oakland - San Jose, CA DMA",37.7591,-122.4461
NAPA,CALIFORNIA," San Francisco - Oakland - San Jose, CA DMA",38.5106,-122.3262
MENDOCINO,CALIFORNIA," San Francisco - Oakland - San Jose, CA DMA",39.3833,-123.4391
MARIN,CALIFORNIA," San Francisco - Oakland - San Jose, CA DMA",38.0685,-122.7009
LAKE,CALIFORNIA," San Francisco - Oakland - San Jose, CA DMA",39.1258,-122.7929
CONTRA COSTA,CALIFORNIA," San Francisco - Oakland - San Jose, CA DMA",37.8886,-121.9129
ALAMEDA,CALIFORNIA," San Francisco - Oakland - San Jose, CA DMA",37.6798,-121.8648
SAN DIEGO,CALIFORNIA," San Diego, CA DMA",33.0185,-116.6934
ZAVALA,TEXAS," San Antonio, TX DMA",28.8648,-99.7623
WILSON,TEXAS," San Antonio, TX DMA",29.1652,-98.0851
VAL VERDE,TEXAS," San Antonio, TX DMA",29.7645,-101.0491
UVALDE,TEXAS," San Antonio, TX DMA",29.3551,-99.7622
REAL,TEXAS," San Antonio, TX DMA",29.853,-99.8126
MEDINA,TEXAS," San Antonio, TX DMA",29.4024,-99.1087
MCMULLEN,TEXAS," San Antonio, TX DMA",28.3555,-98.5677
MAVERICK,TEXAS," San Antonio, TX DMA",28.6426,-100.2812
LAVACA,TEXAS," San Antonio, TX DMA",29.3566,-96.8972
LA SALLE,TEXAS," San Antonio, TX DMA",28.301,-99.0981
KINNEY,TEXAS," San Antonio, TX DMA",29.3544,-100.4105
KERR,TEXAS," San Antonio, TX DMA",30.0494,-99.3054
KENDALL,TEXAS," San Antonio, TX DMA",29.93,-98.6715
KARNES,TEXAS," San Antonio, TX DMA",28.9476,-97.9006
GUADALUPE,TEXAS," San Antonio, TX DMA",29.6123,-97.9639
GONZALES,TEXAS," San Antonio, TX DMA",29.4484,-97.5027
GOLIAD,TEXAS," San Antonio, TX DMA",28.6571,-97.4682
GILLESPIE,TEXAS," San Antonio, TX DMA",30.3291,-98.9457
FRIO,TEXAS," San Antonio, TX DMA",28.8624,-99.1075
EDWARDS,TEXAS," San Antonio, TX DMA",29.9663,-100.3478
DIMMIT,TEXAS," San Antonio, TX DMA",28.4132,-99.7548
DE WITT,TEXAS," San Antonio, TX DMA",29.0996,-97.3051
COMAL,TEXAS," San Antonio, TX DMA",29.8168,-98.2891
BEXAR,TEXAS," San Antonio, TX DMA",29.4377,-98.4722
BANDERA,TEXAS," San Antonio, TX DMA",29.729,-99.2012
ATASCOSA,TEXAS," San Antonio, TX DMA",28.9347,-98.5218
TOM GREEN,TEXAS," San Angelo, TX DMA",31.3893,-100.4023
SUTTON,TEXAS," San Angelo, TX DMA",30.4919,-100.5386
STERLING,TEXAS," San Angelo, TX DMA",31.8222,-101.0451
SCHLEICHER,TEXAS," San Angelo, TX DMA",30.9013,-100.539
MENARD,TEXAS," San Angelo, TX DMA",30.9164,-99.8004
MCCULLOCH,TEXAS," San Angelo, TX DMA",31.217,-99.3467
KIMBLE,TEXAS," San Angelo, TX DMA",30.4915,-99.7102
IRION,TEXAS," San Angelo, TX DMA",31.3054,-100.9812
CROCKETT,TEXAS," San Angelo, TX DMA",30.6879,-101.3732
CONCHO,TEXAS," San Angelo, TX DMA",31.3218,-99.8577
COKE,TEXAS," San Angelo, TX DMA",31.8934,-100.5296
UINTA,WYOMING," Salt Lake City, UT - ID - WY DMA",41.3156,-110.5477
SWEETWATER,WYOMING," Salt Lake City, UT - ID - WY DMA",41.6405,-108.9887
SUBLETTE,WYOMING," Salt Lake City, UT - ID - WY DMA",42.8671,-109.9565
WHITE PINE,NEVADA," Salt Lake City, UT - ID - WY DMA",39.4098,-114.9774
ELKO,NEVADA," Salt Lake City, UT - ID - WY DMA",41.0619,-115.5301
ONEIDA,IDAHO," Salt Lake City, UT - ID - WY DMA",42.2508,-112.5436
FRANKLIN,IDAHO," Salt Lake City, UT - ID - WY DMA",42.2148,-111.8462
BEAR LAKE,IDAHO," Salt Lake City, UT - ID - WY DMA",42.3017,-111.3162
WORCESTER,MARYLAND," Salisbury, MD - DE DMA",38.2234,-75.4131
WICOMICO,MARYLAND," Salisbury, MD - DE DMA",38.3944,-75.5784
SOMERSET,MARYLAND," Salisbury, MD - DE DMA",38.1117,-75.6911
SUSSEX,DELAWARE," Salisbury, MD - DE DMA",38.7069,-75.3935
YUBA,CALIFORNIA," Sacramento - Stockton - Modesto, CA DMA",39.2797,-121.4381
YOLO,CALIFORNIA," Sacramento - Stockton - Modesto, CA DMA",38.6202,-121.8556
TUOLUMNE,CALIFORNIA," Sacramento - Stockton - Modesto, CA DMA",38.0348,-119.8851
SUTTER,CALIFORNIA," Sacramento - Stockton - Modesto, CA DMA",39.0209,-121.7078
STANISLAUS,CALIFORNIA," Sacramento - Stockton - Modesto, CA DMA",37.6113,-120.8765
SIERRA,CALIFORNIA," Sacramento - Stockton - Modesto, CA DMA",39.5877,-120.5103
SAN JOAQUIN,CALIFORNIA," Sacramento - Stockton - Modesto, CA DMA",37.8911,-121.2517
SACRAMENTO,CALIFORNIA," Sacramento - Stockton - Modesto, CA DMA",38.3836,-121.2729
PLUMAS,CALIFORNIA," Sacramento - Stockton - Modesto, CA DMA",40.0231,-120.8054
PLACER,CALIFORNIA," Sacramento - Stockton - Modesto, CA DMA",39.0148,-120.7424
NEVADA,CALIFORNIA," Sacramento - Stockton - Modesto, CA DMA",39.2666,-121.01
EL DORADO,CALIFORNIA," Sacramento - Stockton - Modesto, CA DMA",38.7852,-120.5254
COLUSA,CALIFORNIA," Sacramento - Stockton - Modesto, CA DMA",39.1694,-122.2067
CALAVERAS,CALIFORNIA," Sacramento - Stockton - Modesto, CA DMA",38.1718,-120.6567
AMADOR,CALIFORNIA," Sacramento - Stockton - Modesto, CA DMA",38.4637,-120.7334
WINNEBAGO,ILLINOIS," Rockford, IL DMA",42.3251,-89.1691
STEPHENSON,ILLINOIS," Rockford, IL DMA",42.3498,-89.6607
OGLE,ILLINOIS," Rockford, IL DMA",42.046,-89.3137
LEE,ILLINOIS," Rockford, IL DMA",41.7519,-89.2867
BOONE,ILLINOIS," Rockford, IL DMA",42.3251,-88.823
YATES,NEW YORK," Rochester, NY DMA",42.6109,-77.1306
WAYNE,NEW YORK," Rochester, NY DMA",43.1793,-77.0416
ONTARIO,NEW YORK," Rochester, NY DMA",42.808,-77.2821
MONROE,NEW YORK," Rochester, NY DMA",43.1531,-77.6857
LIVINGSTON,NEW YORK," Rochester, NY DMA",42.7304,-77.7813
OLMSTED,MINNESOTA," Rochester - Mason City - Austin, MN - IA DMA",44.0156,-92.3784
MOWER,MINNESOTA," Rochester - Mason City - Austin, MN - IA DMA",43.6783,-92.7495
FREEBORN,MINNESOTA," Rochester - Mason City - Austin, MN - IA DMA",43.6801,-93.3489
FILLMORE,MINNESOTA," Rochester - Mason City - Austin, MN - IA DMA",43.6761,-92.0901
DODGE,MINNESOTA," Rochester - Mason City - Austin, MN - IA DMA",44.0246,-92.8619
WORTH,IOWA," Rochester - Mason City - Austin, MN - IA DMA",43.3787,-93.2608
WINNEBAGO,IOWA," Rochester - Mason City - Austin, MN - IA DMA",43.3803,-93.7342
MITCHELL,IOWA," Rochester - Mason City - Austin, MN - IA DMA",43.3501,-92.7891
HOWARD,IOWA," Rochester - Mason City - Austin, MN - IA DMA",43.3561,-92.3172
HANCOCK,IOWA," Rochester - Mason City - Austin, MN - IA DMA",43.0894,-93.7341
FLOYD,IOWA," Rochester - Mason City - Austin, MN - IA DMA",43.0597,-92.7887
CERRO GORDO,IOWA," Rochester - Mason City - Austin, MN - IA DMA",43.0793,-93.2608
POCAHONTAS,WEST VIRGINIA," Roanoke - Lynchburg, VA - WV DMA",38.3891,-79.9839
WYTHE,VIRGINIA," Roanoke - Lynchburg, VA - WV DMA",36.9145,-81.0571
SOUTH BOSTON,VIRGINIA," Roanoke - Lynchburg, VA - WV DMA",,
SALEM,VIRGINIA," Roanoke - Lynchburg, VA - WV DMA",37.2883,-80.0705
ROCKBRIDGE,VIRGINIA," Roanoke - Lynchburg, VA - WV DMA",37.8101,-79.4404
ROANOKE CITY,VIRGINIA," Roanoke - Lynchburg, VA - WV DMA",37.2732,-79.9598
ROANOKE,VIRGINIA," Roanoke - Lynchburg, VA - WV DMA",37.2655,-80.1509
RADFORD,VIRGINIA," Roanoke - Lynchburg, VA - WV DMA",37.1206,-80.5616
PULASKI,VIRGINIA," Roanoke - Lynchburg, VA - WV DMA",37.0622,-80.7281
PITTSYLVANIA,VIRGINIA," Roanoke - Lynchburg, VA - WV DMA",36.8385,-79.3957
NELSON,VIRGINIA," Roanoke - Lynchburg, VA - WV DMA",37.7921,-78.9043
MONTGOMERY,VIRGINIA," Roanoke - Lynchburg, VA - WV DMA",37.1748,-80.3743
MARTINSVILLE,VIRGINIA," Roanoke - Lynchburg, VA - WV DMA",36.6791,-79.8708
LYNCHBURG,VIRGINIA," Roanoke - Lynchburg, VA - WV DMA",37.4008,-79.1841
LEXINGTON,VIRGINIA," Roanoke - Lynchburg, VA - WV DMA",37.7802,-79.4439
HIGHLAND,VIRGINIA," Roanoke - Lynchburg, VA - WV DMA",38.3866,-79.5178
HENRY,VIRGINIA," Roanoke - Lynchburg, VA - WV DMA",36.6989,-79.9864
HALIFAX,VIRGINIA," Roanoke - Lynchburg, VA - WV DMA",36.803,-78.9171
GILES,VIRGINIA," Roanoke - Lynchburg, VA - WV DMA",37.3145,-80.668
GALAX,VIRGINIA," Roanoke - Lynchburg, VA - WV DMA",36.6593,-80.9279
FRANKLIN,VIRGINIA," Roanoke - Lynchburg, VA - WV DMA",37.0076,-79.8606
FLOYD,VIRGINIA," Roanoke - Lynchburg, VA - WV DMA",36.9111,-80.4084
DANVILLE,VIRGINIA," Roanoke - Lynchburg, VA - WV DMA",36.5928,-79.4163
CRAIG,VIRGINIA," Roanoke - Lynchburg, VA - WV DMA",37.4878,-80.1897
COVINGTON,VIRGINIA," Roanoke - Lynchburg, VA - WV DMA",37.7808,-79.9886
CLIFTON FORGE,VIRGINIA," Roanoke - Lynchburg, VA - WV DMA",,
CHARLOTTE,VIRGINIA," Roanoke - Lynchburg, VA - WV DMA",36.9742,-78.6045
CARROLL,VIRGINIA," Roanoke - Lynchburg, VA - WV DMA",36.7464,-80.7437
CAMPBELL,VIRGINIA," Roanoke - Lynchburg, VA - WV DMA",37.2284,-79.0965
BUENA VISTA,VIRGINIA," Roanoke - Lynchburg, VA - WV DMA",37.7286,-79.3561
BOTETOURT,VIRGINIA," Roanoke - Lynchburg, VA - WV DMA",37.5543,-79.7551
BEDFORD CITY,VIRGINIA," Roanoke - Lynchburg, VA - WV DMA",37.3125,-79.5652
BEDFORD,VIRGINIA," Roanoke - Lynchburg, VA - WV DMA",37.3125,-79.5652
BATH,VIRGINIA," Roanoke - Lynchburg, VA - WV DMA",38.0555,-79.7352
APPOMATTOX,VIRGINIA," Roanoke - Lynchburg, VA - WV DMA",37.3799,-78.7934
AMHERST,VIRGINIA," Roanoke - Lynchburg, VA - WV DMA",37.6,-79.1631
ALLEGHANY,VIRGINIA," Roanoke - Lynchburg, VA - WV DMA",37.7788,-80.1069
WAYNESBORO,VIRGINIA," Richmond - Petersburg, VA DMA",38.0661,-78.9052
SUSSEX,VIRGINIA," Richmond - Petersburg, VA DMA",36.9125,-77.2851
STAUNTON,VIRGINIA," Richmond - Petersburg, VA DMA",38.1577,-79.0633
RICHMOND CITY,VIRGINIA," Richmond - Petersburg, VA DMA",37.5241,-77.4608
RICHMOND,VIRGINIA," Richmond - Petersburg, VA DMA",37.9603,-76.7345
PRINCE GEORGE,VIRGINIA," Richmond - Petersburg, VA DMA",37.1589,-77.2486
PRINCE EDWARD,VIRGINIA," Richmond - Petersburg, VA DMA",37.2386,-78.4589
POWHATAN,VIRGINIA," Richmond - Petersburg, VA DMA",37.5527,-77.8872
PETERSBURG,VIRGINIA," Richmond - Petersburg, VA DMA",37.2052,-77.3908
ORANGE,VIRGINIA," Richmond - Petersburg, VA DMA",38.2553,-77.9908
NOTTOWAY,VIRGINIA," Richmond - Petersburg, VA DMA",37.1384,-78.0695
NORTHUMBERLAND,VIRGINIA," Richmond - Petersburg, VA DMA",37.8565,-76.4533
NEW KENT,VIRGINIA," Richmond - Petersburg, VA DMA",37.5016,-76.9992
MIDDLESEX,VIRGINIA," Richmond - Petersburg, VA DMA",37.6405,-76.6329
LUNENBURG,VIRGINIA," Richmond - Petersburg, VA DMA",36.9432,-78.2456
LOUISA,VIRGINIA," Richmond - Petersburg, VA DMA",37.941,-77.934
LANCASTER,VIRGINIA," Richmond - Petersburg, VA DMA",37.7254,-76.4625
KING WILLIAM,VIRGINIA," Richmond - Petersburg, VA DMA",37.7166,-77.1211
KING AND QUEEN,VIRGINIA," Richmond - Petersburg, VA DMA",37.7066,-76.8602
HOPEWELL,VIRGINIA," Richmond - Petersburg, VA DMA",37.2877,-77.2944
HENRICO,VIRGINIA," Richmond - Petersburg, VA DMA",37.5317,-77.3031
HANOVER,VIRGINIA," Richmond - Petersburg, VA DMA",37.7717,-77.5521
GREENSVILLE,VIRGINIA," Richmond - Petersburg, VA DMA",36.7217,-77.5729
GOOCHLAND,VIRGINIA," Richmond - Petersburg, VA DMA",37.7345,-77.9668
FLUVANNA,VIRGINIA," Richmond - Petersburg, VA DMA",37.8456,-78.2738
ESSEX,VIRGINIA," Richmond - Petersburg, VA DMA",37.9457,-76.9732
EMPORIA,VIRGINIA," Richmond - Petersburg, VA DMA",36.6973,-77.535
DINWIDDIE,VIRGINIA," Richmond - Petersburg, VA DMA",37.0729,-77.6462
CUMBERLAND,VIRGINIA," Richmond - Petersburg, VA DMA",37.526,-78.2218
COLONIAL HEIGHTS,VIRGINIA," Richmond - Petersburg, VA DMA",37.2657,-77.3989
CHESTERFIELD,VIRGINIA," Richmond - Petersburg, VA DMA",37.3899,-77.6298
CHARLES CITY,VIRGINIA," Richmond - Petersburg, VA DMA",37.3618,-77.0793
CAROLINE,VIRGINIA," Richmond - Petersburg, VA DMA",38.0149,-77.3703
BUCKINGHAM,VIRGINIA," Richmond - Petersburg, VA DMA",37.5633,-78.5588
BRUNSWICK,VIRGINIA," Richmond - Petersburg, VA DMA",36.7851,-77.8417
AMELIA,VIRGINIA," Richmond - Petersburg, VA DMA",37.3461,-78.0427
WASHOE,NEVADA," Reno, NV - CA DMA",40.5919,-119.6547
STOREY,NEVADA," Reno, NV - CA DMA",39.4383,-119.5329
PERSHING,NEVADA," Reno, NV - CA DMA",40.481,-118.3302
MINERAL,NEVADA," Reno, NV - CA DMA",38.4859,-118.3056
LYON,NEVADA," Reno, NV - CA DMA",39.0782,-119.0327
LANDER,NEVADA," Reno, NV - CA DMA",40.0429,-117.0563
HUMBOLDT,NEVADA," Reno, NV - CA DMA",41.2611,-118.1618
ESMERALDA,NEVADA," Reno, NV - CA DMA",37.7289,-117.681
DOUGLAS,NEVADA," Reno, NV - CA DMA",38.8267,-119.5856
CHURCHILL,NEVADA," Reno, NV - CA DMA",39.5395,-118.2919
CARSON CITY,NEVADA," Reno, NV - CA DMA",39.1679,-119.7232
MONO,CALIFORNIA," Reno, NV - CA DMA",38.0906,-119.0359
LASSEN,CALIFORNIA," Reno, NV - CA DMA",40.4545,-120.6616
ALPINE,CALIFORNIA," Reno, NV - CA DMA",38.6305,-119.8446
WESTON,WYOMING," Rapid City, SD - MT - NE - WY DMA",43.8403,-104.5684
SHERIDAN,WYOMING," Rapid City, SD - MT - NE - WY DMA",44.7798,-106.9037
CROOK,WYOMING," Rapid City, SD - MT - NE - WY DMA",44.5882,-104.5708
ZIEBACH,SOUTH DAKOTA," Rapid City, SD - MT - NE - WY DMA",44.994,-101.7505
SHANNON,SOUTH DAKOTA," Rapid City, SD - MT - NE - WY DMA",43.3559,-102.5556
PENNINGTON,SOUTH DAKOTA," Rapid City, SD - MT - NE - WY DMA",44.0997,-103.0311
MEADE,SOUTH DAKOTA," Rapid City, SD - MT - NE - WY DMA",44.5827,-102.7842
LAWRENCE,SOUTH DAKOTA," Rapid City, SD - MT - NE - WY DMA",44.3682,-103.8124
JACKSON,SOUTH DAKOTA," Rapid City, SD - MT - NE - WY DMA",43.6926,-101.6317
HARDING,SOUTH DAKOTA," Rapid City, SD - MT - NE - WY DMA",45.5829,-103.4965
HAAKON,SOUTH DAKOTA," Rapid City, SD - MT - NE - WY DMA",44.365,-101.5781
FALL RIVER,SOUTH DAKOTA," Rapid City, SD - MT - NE - WY DMA",43.2398,-103.5275
CUSTER,SOUTH DAKOTA," Rapid City, SD - MT - NE - WY DMA",43.6671,-103.4818
BUTTE,SOUTH DAKOTA," Rapid City, SD - MT - NE - WY DMA",44.8942,-103.5074
BENNETT,SOUTH DAKOTA," Rapid City, SD - MT - NE - WY DMA",43.1945,-101.6686
SIOUX,NEBRASKA," Rapid City, SD - MT - NE - WY DMA",42.5049,-103.7667
SHERIDAN,NEBRASKA," Rapid City, SD - MT - NE - WY DMA",42.5043,-102.4198
MORRILL,NEBRASKA," Rapid City, SD - MT - NE - WY DMA",41.7195,-103.0045
GRANT,NEBRASKA," Rapid City, SD - MT - NE - WY DMA",41.9195,-101.7466
BANNER,NEBRASKA," Rapid City, SD - MT - NE - WY DMA",41.5476,-103.71
CARTER,MONTANA," Rapid City, SD - MT - NE - WY DMA",45.5708,-104.5117
MECKLENBURG,VIRGINIA," Raleigh - Durham, NC - VA DMA",36.7165,-78.3332
WILSON,NORTH CAROLINA," Raleigh - Durham, NC - VA DMA",35.7201,-77.9431
WAYNE,NORTH CAROLINA," Raleigh - Durham, NC - VA DMA",35.3725,-77.9812
WARREN,NORTH CAROLINA," Raleigh - Durham, NC - VA DMA",36.3734,-78.1029
WAKE,NORTH CAROLINA," Raleigh - Durham, NC - VA DMA",35.798,-78.6094
VANCE,NORTH CAROLINA," Raleigh - Durham, NC - VA DMA",36.3447,-78.3979
SAMPSON,NORTH CAROLINA," Raleigh - Durham, NC - VA DMA",34.9352,-78.3612
PERSON,NORTH CAROLINA," Raleigh - Durham, NC - VA DMA",36.3907,-78.9725
ORANGE,NORTH CAROLINA," Raleigh - Durham, NC - VA DMA",36.0541,-79.1222
NORTHAMPTON,NORTH CAROLINA," Raleigh - Durham, NC - VA DMA",36.3559,-77.3693
NASH,NORTH CAROLINA," Raleigh - Durham, NC - VA DMA",35.9636,-77.977
MOORE,NORTH CAROLINA," Raleigh - Durham, NC - VA DMA",35.2784,-79.4623
LEE,NORTH CAROLINA," Raleigh - Durham, NC - VA DMA",35.4674,-79.1892
JOHNSTON,NORTH CAROLINA," Raleigh - Durham, NC - VA DMA",35.5376,-78.3875
HOKE,NORTH CAROLINA," Raleigh - Durham, NC - VA DMA",35.0238,-79.2598
HARNETT,NORTH CAROLINA," Raleigh - Durham, NC - VA DMA",35.3877,-78.839
HALIFAX,NORTH CAROLINA," Raleigh - Durham, NC - VA DMA",36.2584,-77.6848
GRANVILLE,NORTH CAROLINA," Raleigh - Durham, NC - VA DMA",36.2968,-78.6558
FRANKLIN,NORTH CAROLINA," Raleigh - Durham, NC - VA DMA",36.0416,-78.3303
EDGECOMBE,NORTH CAROLINA," Raleigh - Durham, NC - VA DMA",35.9136,-77.578
DURHAM,NORTH CAROLINA," Raleigh - Durham, NC - VA DMA",36.0511,-78.8681
CUMBERLAND,NORTH CAROLINA," Raleigh - Durham, NC - VA DMA",35.051,-78.8717
CHATHAM,NORTH CAROLINA," Raleigh - Durham, NC - VA DMA",35.678,-79.2599
SHELBY,MISSOURI," Quincy - Hannibal - Keokuk, MO - IL - IA DMA",39.7834,-92.0688
SCOTLAND,MISSOURI," Quincy - Hannibal - Keokuk, MO - IL - IA DMA",40.4469,-92.1481
RALLS,MISSOURI," Quincy - Hannibal - Keokuk, MO - IL - IA DMA",39.5072,-91.5365
MONROE,MISSOURI," Quincy - Hannibal - Keokuk, MO - IL - IA DMA",39.5012,-92.0092
MARION,MISSOURI," Quincy - Hannibal - Keokuk, MO - IL - IA DMA",39.8028,-91.607
LEWIS,MISSOURI," Quincy - Hannibal - Keokuk, MO - IL - IA DMA",40.1015,-91.7271
KNOX,MISSOURI," Quincy - Hannibal - Keokuk, MO - IL - IA DMA",40.1321,-92.1478
CLARK,MISSOURI," Quincy - Hannibal - Keokuk, MO - IL - IA DMA",40.4319,-91.7323
LEE,IOWA," Quincy - Hannibal - Keokuk, MO - IL - IA DMA",40.5953,-91.5386
SCOTT,ILLINOIS," Quincy - Hannibal - Keokuk, MO - IL - IA DMA",39.655,-90.4782
SCHUYLER,ILLINOIS," Quincy - Hannibal - Keokuk, MO - IL - IA DMA",40.1317,-90.6279
PIKE,ILLINOIS," Quincy - Hannibal - Keokuk, MO - IL - IA DMA",39.6204,-90.9168
MCDONOUGH,ILLINOIS," Quincy - Hannibal - Keokuk, MO - IL - IA DMA",40.4649,-90.6775
HANCOCK,ILLINOIS," Quincy - Hannibal - Keokuk, MO - IL - IA DMA",40.4172,-91.1408
CASS,ILLINOIS," Quincy - Hannibal - Keokuk, MO - IL - IA DMA",39.9992,-90.2462
BROWN,ILLINOIS," Quincy - Hannibal - Keokuk, MO - IL - IA DMA",39.973,-90.7126
ADAMS,ILLINOIS," Quincy - Hannibal - Keokuk, MO - IL - IA DMA",39.9788,-91.1866
WASHINGTON,RHODE ISLAND," Providence, RI - New Bedford, MA DMA",41.4791,-71.6061
PROVIDENCE,RHODE ISLAND," Providence, RI - New Bedford, MA DMA",41.8677,-71.5657
NEWPORT,RHODE ISLAND," Providence, RI - New Bedford, MA DMA",41.5658,-71.1692
KENT,RHODE ISLAND," Providence, RI - New Bedford, MA DMA",41.6827,-71.6185
BRISTOL,RHODE ISLAND," Providence, RI - New Bedford, MA DMA",41.702,-71.2699
BRISTOL,MASSACHUSETTS," Providence, RI - New Bedford, MA DMA",41.7892,-71.2278
AROOSTOOK,MAINE," Presque Isle, ME DMA",46.5366,-68.304
WAHKIAKUM,WASHINGTON," Portland, OR - WA DMA",46.2684,-123.3392
SKAMANIA,WASHINGTON," Portland, OR - WA DMA",45.9743,-121.9292
KLICKITAT,WASHINGTON," Portland, OR - WA DMA",45.8257,-120.7766
COWLITZ,WASHINGTON," Portland, OR - WA DMA",46.1148,-122.6116
CLARK,WASHINGTON," Portland, OR - WA DMA",45.8042,-122.52
YAMHILL,OREGON," Portland, OR - WA DMA",45.2547,-123.2325
WHEELER,OREGON," Portland, OR - WA DMA",44.6956,-120.0197
WASHINGTON,OREGON," Portland, OR - WA DMA",45.5492,-123.104
WASCO,OREGON," Portland, OR - WA DMA",45.2651,-121.2515
UNION,OREGON," Portland, OR - WA DMA",45.401,-118.046
TILLAMOOK,OREGON," Portland, OR - WA DMA",45.415,-123.6996
SHERMAN,OREGON," Portland, OR - WA DMA",45.4107,-120.6856
POLK,OREGON," Portland, OR - WA DMA",44.8981,-123.4282
MULTNOMAH,OREGON," Portland, OR - WA DMA",45.5805,-122.6646
MARION,OREGON," Portland, OR - WA DMA",44.9852,-122.8053
LINN,OREGON," Portland, OR - WA DMA",44.4967,-122.5258
LINCOLN,OREGON," Portland, OR - WA DMA",44.661,-123.8306
JEFFERSON,OREGON," Portland, OR - WA DMA",44.6083,-121.0936
HOOD RIVER,OREGON," Portland, OR - WA DMA",45.4923,-121.6721
HARNEY,OREGON," Portland, OR - WA DMA",43.0263,-119.0802
GILLIAM,OREGON," Portland, OR - WA DMA",45.44,-120.2443
CROOK,OREGON," Portland, OR - WA DMA",44.1294,-120.3221
COLUMBIA,OREGON," Portland, OR - WA DMA",45.9577,-123.0865
CLATSOP,OREGON," Portland, OR - WA DMA",46.0053,-123.6441
CLACKAMAS,OREGON," Portland, OR - WA DMA",45.1741,-122.2447
BAKER,OREGON," Portland, OR - WA DMA",44.6697,-117.7972
COOS,NEW HAMPSHIRE," Portland - Auburn, ME - NH - VT DMA",44.6987,-71.3169
CARROLL,NEW HAMPSHIRE," Portland - Auburn, ME - NH - VT DMA",43.882,-71.277
YORK,MAINE," Portland - Auburn, ME - NH - VT DMA",43.4408,-70.6572
SAGADAHOC,MAINE," Portland - Auburn, ME - NH - VT DMA",43.9346,-69.7952
OXFORD,MAINE," Portland - Auburn, ME - NH - VT DMA",44.5715,-70.6599
LINCOLN,MAINE," Portland - Auburn, ME - NH - VT DMA",44.0785,-69.5866
KNOX,MAINE," Portland - Auburn, ME - NH - VT DMA",44.1416,-69.1941
KENNEBEC,MAINE," Portland - Auburn, ME - NH - VT DMA",44.4146,-69.7897
FRANKLIN,MAINE," Portland - Auburn, ME - NH - VT DMA",45.0569,-70.4637
CUMBERLAND,MAINE," Portland - Auburn, ME - NH - VT DMA",43.85,-70.4132
ANDROSCOGGIN,MAINE," Portland - Auburn, ME - NH - VT DMA",44.1975,-70.2021
PRESTON,WEST VIRGINIA," Pittsburgh, PA - MD- WV DMA",39.4556,-79.6899
MONONGALIA,WEST VIRGINIA," Pittsburgh, PA - MD- WV DMA",39.5788,-79.9721
WESTMORELAND,PENNSYLVANIA," Pittsburgh, PA - MD- WV DMA",40.3607,-79.3848
WASHINGTON,PENNSYLVANIA," Pittsburgh, PA - MD- WV DMA",40.2155,-80.2389
VENANGO,PENNSYLVANIA," Pittsburgh, PA - MD- WV DMA",41.4008,-79.7389
LAWRENCE,PENNSYLVANIA," Pittsburgh, PA - MD- WV DMA",40.9905,-80.3418
INDIANA,PENNSYLVANIA," Pittsburgh, PA - MD- WV DMA",40.6373,-79.0962
GREENE,PENNSYLVANIA," Pittsburgh, PA - MD- WV DMA",39.871,-80.2239
FAYETTE,PENNSYLVANIA," Pittsburgh, PA - MD- WV DMA",39.9324,-79.6546
CLARION,PENNSYLVANIA," Pittsburgh, PA - MD- WV DMA",41.2028,-79.4375
BUTLER,PENNSYLVANIA," Pittsburgh, PA - MD- WV DMA",40.9272,-79.9263
BEAVER,PENNSYLVANIA," Pittsburgh, PA - MD- WV DMA",40.6657,-80.3336
ARMSTRONG,PENNSYLVANIA," Pittsburgh, PA - MD- WV DMA",40.8485,-79.4535
ALLEGHENY,PENNSYLVANIA," Pittsburgh, PA - MD- WV DMA",40.4317,-80.0043
GARRETT,MARYLAND," Pittsburgh, PA - MD- WV DMA",39.463,-79.2891
YAVAPAI,ARIZONA," Phoenix, AZ DMA",34.7064,-112.4429
PINAL,ARIZONA," Phoenix, AZ DMA",32.9849,-111.4931
NAVAJO,ARIZONA," Phoenix, AZ DMA",35.3134,-110.2972
MOHAVE,ARIZONA," Phoenix, AZ DMA",35.6177,-113.9958
MARICOPA,ARIZONA," Phoenix, AZ DMA",33.2798,-112.7681
LA PAZ,ARIZONA," Phoenix, AZ DMA",33.6724,-113.9329
GREENLEE,ARIZONA," Phoenix, AZ DMA",33.1001,-109.2714
GRAHAM,ARIZONA," Phoenix, AZ DMA",33.0361,-109.958
GILA,ARIZONA," Phoenix, AZ DMA",33.7446,-110.685
COCONINO,ARIZONA," Phoenix, AZ DMA",35.6465,-112.0424
PHILADELPHIA,PENNSYLVANIA," Philadelphia, PA - DE - NJ DMA",40.0048,-75.1385
NORTHAMPTON,PENNSYLVANIA," Philadelphia, PA - DE - NJ DMA",40.7524,-75.3992
MONTGOMERY,PENNSYLVANIA," Philadelphia, PA - DE - NJ DMA",40.2123,-75.3632
LEHIGH,PENNSYLVANIA," Philadelphia, PA - DE - NJ DMA",40.6036,-75.584
DELAWARE,PENNSYLVANIA," Philadelphia, PA - DE - NJ DMA",39.9362,-75.3767
CHESTER,PENNSYLVANIA," Philadelphia, PA - DE - NJ DMA",39.9818,-75.7096
BUCKS,PENNSYLVANIA," Philadelphia, PA - DE - NJ DMA",40.3311,-75.1338
BERKS,PENNSYLVANIA," Philadelphia, PA - DE - NJ DMA",40.4065,-75.9294
SALEM,NEW JERSEY," Philadelphia, PA - DE - NJ DMA",39.5844,-75.3039
MERCER,NEW JERSEY," Philadelphia, PA - DE - NJ DMA",40.2809,-74.6827
GLOUCESTER,NEW JERSEY," Philadelphia, PA - DE - NJ DMA",39.6999,-75.1442
CUMBERLAND,NEW JERSEY," Philadelphia, PA - DE - NJ DMA",39.3728,-75.124
CAPE MAY,NEW JERSEY," Philadelphia, PA - DE - NJ DMA",39.1268,-74.8257
CAMDEN,NEW JERSEY," Philadelphia, PA - DE - NJ DMA",39.8025,-74.9898
BURLINGTON,NEW JERSEY," Philadelphia, PA - DE - NJ DMA",39.8671,-74.6832
ATLANTIC,NEW JERSEY," Philadelphia, PA - DE - NJ DMA",39.5098,-74.6941
NEW CASTLE,DELAWARE," Philadelphia, PA - DE - NJ DMA",39.5657,-75.6751
KENT,DELAWARE," Philadelphia, PA - DE - NJ DMA",39.0975,-75.5721
WOODFORD,ILLINOIS," Peoria - Bloomington, IL DMA",40.7626,-89.2427
TAZEWELL,ILLINOIS," Peoria - Bloomington, IL DMA",40.5355,-89.5459
STARK,ILLINOIS," Peoria - Bloomington, IL DMA",41.0982,-89.8116
PUTNAM,ILLINOIS," Peoria - Bloomington, IL DMA",41.2193,-89.3147
PEORIA,ILLINOIS," Peoria - Bloomington, IL DMA",40.7421,-89.7691
MCLEAN,ILLINOIS," Peoria - Bloomington, IL DMA",40.5209,-88.8633
MASON,ILLINOIS," Peoria - Bloomington, IL DMA",40.2453,-89.8583
MARSHALL,ILLINOIS," Peoria - Bloomington, IL DMA",41.0318,-89.3429
LIVINGSTON,ILLINOIS," Peoria - Bloomington, IL DMA",40.8666,-88.5871
FULTON,ILLINOIS," Peoria - Bloomington, IL DMA",40.4504,-90.1768
WOOD,WEST VIRGINIA," Parkersburg, WV - OH DMA",39.2188,-81.5037
PLEASANTS,WEST VIRGINIA," Parkersburg, WV - OH DMA",39.3727,-81.1556
WASHINGTON,OHIO," Parkersburg, WV - OH DMA",39.4311,-81.5158
WASHINGTON,FLORIDA," Panama City, FL DMA",30.6112,-85.672
WALTON,FLORIDA," Panama City, FL DMA",30.6327,-86.1524
LIBERTY,FLORIDA," Panama City, FL DMA",30.2933,-84.8882
JACKSON,FLORIDA," Panama City, FL DMA",30.7828,-85.1769
HOLMES,FLORIDA," Panama City, FL DMA",30.8497,-85.8166
GULF,FLORIDA," Panama City, FL DMA",29.9344,-85.2103
FRANKLIN,FLORIDA," Panama City, FL DMA",29.8538,-84.8366
CALHOUN,FLORIDA," Panama City, FL DMA",30.4039,-85.2086
BAY,FLORIDA," Panama City, FL DMA",30.2988,-85.5727
RIVERSIDE,CALIFORNIA," Palm Springs, CA DMA",33.754,-116.0203
WEAKLEY,TENNESSEE," Paducah - Cape Giradeau - Harrisburg, KY - IL - MO - TN DMA",36.2879,-88.74
OBION,TENNESSEE," Paducah - Cape Giradeau - Harrisburg, KY - IL - MO - TN DMA",36.3627,-89.1733
LAKE,TENNESSEE," Paducah - Cape Giradeau - Harrisburg, KY - IL - MO - TN DMA",36.3439,-89.4636
WAYNE,MISSOURI," Paducah - Cape Giradeau - Harrisburg, KY - IL - MO - TN DMA",37.1184,-90.5006
STODDARD,MISSOURI," Paducah - Cape Giradeau - Harrisburg, KY - IL - MO - TN DMA",36.8776,-89.9732
SCOTT,MISSOURI," Paducah - Cape Giradeau - Harrisburg, KY - IL - MO - TN DMA",37.0569,-89.5778
RIPLEY,MISSOURI," Paducah - Cape Giradeau - Harrisburg, KY - IL - MO - TN DMA",36.663,-90.8575
REYNOLDS,MISSOURI," Paducah - Cape Giradeau - Harrisburg, KY - IL - MO - TN DMA",37.3418,-90.9633
PERRY,MISSOURI," Paducah - Cape Giradeau - Harrisburg, KY - IL - MO - TN DMA",37.7345,-89.8308
NEW MADRID,MISSOURI," Paducah - Cape Giradeau - Harrisburg, KY - IL - MO - TN DMA",36.6039,-89.6708
MISSISSIPPI,MISSOURI," Paducah - Cape Giradeau - Harrisburg, KY - IL - MO - TN DMA",36.82,-89.3309
MADISON,MISSOURI," Paducah - Cape Giradeau - Harrisburg, KY - IL - MO - TN DMA",37.4749,-90.3456
DUNKLIN,MISSOURI," Paducah - Cape Giradeau - Harrisburg, KY - IL - MO - TN DMA",36.3139,-90.0156
CARTER,MISSOURI," Paducah - Cape Giradeau - Harrisburg, KY - IL - MO - TN DMA",36.9581,-90.9582
CAPE GIRARDEAU,MISSOURI," Paducah - Cape Giradeau - Harrisburg, KY - IL - MO - TN DMA",37.3671,-89.644
BUTLER,MISSOURI," Paducah - Cape Giradeau - Harrisburg, KY - IL - MO - TN DMA",36.7128,-90.3906
BOLLINGER,MISSOURI," Paducah - Cape Giradeau - Harrisburg, KY - IL - MO - TN DMA",37.3278,-90.0044
MCCRACKEN,KENTUCKY," Paducah - Cape Giradeau - Harrisburg, KY - IL - MO - TN DMA",37.0851,-88.7237
MARSHALL,KENTUCKY," Paducah - Cape Giradeau - Harrisburg, KY - IL - MO - TN DMA",36.9053,-88.3329
LYON,KENTUCKY," Paducah - Cape Giradeau - Harrisburg, KY - IL - MO - TN DMA",37.0257,-88.0819
LIVINGSTON,KENTUCKY," Paducah - Cape Giradeau - Harrisburg, KY - IL - MO - TN DMA",37.2032,-88.3267
HICKMAN,KENTUCKY," Paducah - Cape Giradeau - Harrisburg, KY - IL - MO - TN DMA",36.6502,-88.9928
GRAVES,KENTUCKY," Paducah - Cape Giradeau - Harrisburg, KY - IL - MO - TN DMA",36.7244,-88.6522
FULTON,KENTUCKY," Paducah - Cape Giradeau - Harrisburg, KY - IL - MO - TN DMA",36.5746,-89.0626
CRITTENDEN,KENTUCKY," Paducah - Cape Giradeau - Harrisburg, KY - IL - MO - TN DMA",37.3369,-88.0854
CARLISLE,KENTUCKY," Paducah - Cape Giradeau - Harrisburg, KY - IL - MO - TN DMA",36.8632,-88.9716
CALLOWAY,KENTUCKY," Paducah - Cape Giradeau - Harrisburg, KY - IL - MO - TN DMA",36.6237,-88.2703
CALDWELL,KENTUCKY," Paducah - Cape Giradeau - Harrisburg, KY - IL - MO - TN DMA",37.1651,-87.8705
BALLARD,KENTUCKY," Paducah - Cape Giradeau - Harrisburg, KY - IL - MO - TN DMA",37.0728,-89.0182
WILLIAMSON,ILLINOIS," Paducah - Cape Giradeau - Harrisburg, KY - IL - MO - TN DMA",37.7281,-88.9297
UNION,ILLINOIS," Paducah - Cape Giradeau - Harrisburg, KY - IL - MO - TN DMA",37.4654,-89.2571
SALINE,ILLINOIS," Paducah - Cape Giradeau - Harrisburg, KY - IL - MO - TN DMA",37.754,-88.5405
PULASKI,ILLINOIS," Paducah - Cape Giradeau - Harrisburg, KY - IL - MO - TN DMA",37.2017,-89.1515
POPE,ILLINOIS," Paducah - Cape Giradeau - Harrisburg, KY - IL - MO - TN DMA",37.3341,-88.5987
PERRY,ILLINOIS," Paducah - Cape Giradeau - Harrisburg, KY - IL - MO - TN DMA",38.0848,-89.356
MASSAC,ILLINOIS," Paducah - Cape Giradeau - Harrisburg, KY - IL - MO - TN DMA",37.2023,-88.6978
JOHNSON,ILLINOIS," Paducah - Cape Giradeau - Harrisburg, KY - IL - MO - TN DMA",37.4479,-88.8773
JEFFERSON,ILLINOIS," Paducah - Cape Giradeau - Harrisburg, KY - IL - MO - TN DMA",38.3005,-88.9236
JACKSON,ILLINOIS," Paducah - Cape Giradeau - Harrisburg, KY - IL - MO - TN DMA",37.759,-89.4099
HARDIN,ILLINOIS," Paducah - Cape Giradeau - Harrisburg, KY - IL - MO - TN DMA",37.5013,-88.2378
HAMILTON,ILLINOIS," Paducah - Cape Giradeau - Harrisburg, KY - IL - MO - TN DMA",38.0852,-88.5391
GALLATIN,ILLINOIS," Paducah - Cape Giradeau - Harrisburg, KY - IL - MO - TN DMA",37.7452,-88.2157
FRANKLIN,ILLINOIS," Paducah - Cape Giradeau - Harrisburg, KY - IL - MO - TN DMA",37.9944,-88.9238
ALEXANDER,ILLINOIS," Paducah - Cape Giradeau - Harrisburg, KY - IL - MO - TN DMA",37.1528,-89.3477
SULLIVAN,MISSOURI," Ottumwa - Kirksville, IA - MO DMA",40.2195,-93.1111
SCHUYLER,MISSOURI," Ottumwa - Kirksville, IA - MO DMA",40.4709,-92.5271
PUTNAM,MISSOURI," Ottumwa - Kirksville, IA - MO DMA",40.4661,-93.0345
MACON,MISSOURI," Ottumwa - Kirksville, IA - MO DMA",39.8195,-92.5733
ADAIR,MISSOURI," Ottumwa - Kirksville, IA - MO DMA",40.1904,-92.6009
WAPELLO,IOWA," Ottumwa - Kirksville, IA - MO DMA",41.0308,-92.4096
VAN BUREN,IOWA," Ottumwa - Kirksville, IA - MO DMA",40.7517,-91.9485
JEFFERSON,IOWA," Ottumwa - Kirksville, IA - MO DMA",41.036,-91.9487
DAVIS,IOWA," Ottumwa - Kirksville, IA - MO DMA",40.7369,-92.4085
VOLUSIA,FLORIDA," Orlando - Daytona Beach - Melbourne, FL DMA",29.0205,-81.1398
SUMTER,FLORIDA," Orlando - Daytona Beach - Melbourne, FL DMA",28.633,-82.1055
SEMINOLE,FLORIDA," Orlando - Daytona Beach - Melbourne, FL DMA",28.7457,-81.2396
OSCEOLA,FLORIDA," Orlando - Daytona Beach - Melbourne, FL DMA",27.9963,-81.1262
ORANGE,FLORIDA," Orlando - Daytona Beach - Melbourne, FL DMA",28.5666,-81.2951
MARION,FLORIDA," Orlando - Daytona Beach - Melbourne, FL DMA",29.2407,-82.0227
LAKE,FLORIDA," Orlando - Daytona Beach - Melbourne, FL DMA",28.8116,-81.6866
FLAGLER,FLORIDA," Orlando - Daytona Beach - Melbourne, FL DMA",29.4662,-81.3097
BREVARD,FLORIDA," Orlando - Daytona Beach - Melbourne, FL DMA",28.3079,-80.7834
WASHINGTON,NEBRASKA," Omaha, NE - IA - MO DMA",41.5376,-96.2688
SAUNDERS,NEBRASKA," Omaha, NE - IA - MO DMA",41.2345,-96.6371
SARPY,NEBRASKA," Omaha, NE - IA - MO DMA",41.0929,-96.1005
RICHARDSON,NEBRASKA," Omaha, NE - IA - MO DMA",40.1309,-95.7153
PLATTE,NEBRASKA," Omaha, NE - IA - MO DMA",41.5439,-97.5414
PAWNEE,NEBRASKA," Omaha, NE - IA - MO DMA",40.1345,-96.237
OTOE,NEBRASKA," Omaha, NE - IA - MO DMA",40.6542,-96.1234
NEMAHA,NEBRASKA," Omaha, NE - IA - MO DMA",40.4105,-95.863
JOHNSON,NEBRASKA," Omaha, NE - IA - MO DMA",40.4,-96.265
DOUGLAS,NEBRASKA," Omaha, NE - IA - MO DMA",41.2919,-96.1502
DODGE,NEBRASKA," Omaha, NE - IA - MO DMA",41.5688,-96.6751
CUMING,NEBRASKA," Omaha, NE - IA - MO DMA",41.9158,-96.7875
COLFAX,NEBRASKA," Omaha, NE - IA - MO DMA",41.5601,-97.0793
CASS,NEBRASKA," Omaha, NE - IA - MO DMA",40.9287,-96.1512
BUTLER,NEBRASKA," Omaha, NE - IA - MO DMA",41.2578,-97.1385
BURT,NEBRASKA," Omaha, NE - IA - MO DMA",41.8649,-96.3464
ATCHISON,MISSOURI," Omaha, NE - IA - MO DMA",40.4232,-95.4182
SHELBY,IOWA," Omaha, NE - IA - MO DMA",41.6806,-95.3254
POTTAWATTAMIE,IOWA," Omaha, NE - IA - MO DMA",41.3347,-95.5518
PAGE,IOWA," Omaha, NE - IA - MO DMA",40.7362,-95.1569
MONTGOMERY,IOWA," Omaha, NE - IA - MO DMA",41.0305,-95.1562
MILLS,IOWA," Omaha, NE - IA - MO DMA",41.0311,-95.6218
HARRISON,IOWA," Omaha, NE - IA - MO DMA",41.6861,-95.84
FREMONT,IOWA," Omaha, NE - IA - MO DMA",40.7414,-95.6361
CRAWFORD,IOWA," Omaha, NE - IA - MO DMA",42.0372,-95.3818
CASS,IOWA," Omaha, NE - IA - MO DMA",41.335,-94.9277
ADAMS,IOWA," Omaha, NE - IA - MO DMA",41.0282,-94.6995
WOODWARD,OKLAHOMA," Oklahoma City, OK DMA",36.4904,-99.2829
WOODS,OKLAHOMA," Oklahoma City, OK DMA",36.6966,-98.793
WASHITA,OKLAHOMA," Oklahoma City, OK DMA",35.2812,-98.9941
SEMINOLE,OKLAHOMA," Oklahoma City, OK DMA",35.1649,-96.6089
ROGER MILLS,OKLAHOMA," Oklahoma City, OK DMA",35.7257,-99.6885
POTTAWATOMIE,OKLAHOMA," Oklahoma City, OK DMA",35.1821,-96.9595
PAYNE,OKLAHOMA," Oklahoma City, OK DMA",36.0922,-96.9882
OKLAHOMA,OKLAHOMA," Oklahoma City, OK DMA",35.553,-97.4075
NOBLE,OKLAHOMA," Oklahoma City, OK DMA",36.3869,-97.2468
MURRAY,OKLAHOMA," Oklahoma City, OK DMA",34.4847,-97.1165
MCCLAIN,OKLAHOMA," Oklahoma City, OK DMA",35.0959,-97.5356
MAJOR,OKLAHOMA," Oklahoma City, OK DMA",36.3473,-98.5327
LOGAN,OKLAHOMA," Oklahoma City, OK DMA",35.945,-97.4398
LINCOLN,OKLAHOMA," Oklahoma City, OK DMA",35.6991,-96.8806
KIOWA,OKLAHOMA," Oklahoma City, OK DMA",34.8597,-98.9635
KINGFISHER,OKLAHOMA," Oklahoma City, OK DMA",35.9457,-97.9428
KAY,OKLAHOMA," Oklahoma City, OK DMA",36.8036,-97.1074
HUGHES,OKLAHOMA," Oklahoma City, OK DMA",35.0232,-96.2897
HARPER,OKLAHOMA," Oklahoma City, OK DMA",36.8014,-99.6494
HARMON,OKLAHOMA," Oklahoma City, OK DMA",34.7829,-99.8603
GREER,OKLAHOMA," Oklahoma City, OK DMA",34.922,-99.5146
GRANT,OKLAHOMA," Oklahoma City, OK DMA",36.8036,-97.7862
GRADY,OKLAHOMA," Oklahoma City, OK DMA",35.0328,-97.8818
GARVIN,OKLAHOMA," Oklahoma City, OK DMA",34.6793,-97.2476
GARFIELD,OKLAHOMA," Oklahoma City, OK DMA",36.3798,-97.783
ELLIS,OKLAHOMA," Oklahoma City, OK DMA",36.2174,-99.7981
DEWEY,OKLAHOMA," Oklahoma City, OK DMA",35.9926,-99.0086
CUSTER,OKLAHOMA," Oklahoma City, OK DMA",35.6387,-99.0045
CLEVELAND,OKLAHOMA," Oklahoma City, OK DMA",35.152,-97.2848
CANADIAN,OKLAHOMA," Oklahoma City, OK DMA",35.5264,-97.9889
CADDO,OKLAHOMA," Oklahoma City, OK DMA",35.2039,-98.3564
BLAINE,OKLAHOMA," Oklahoma City, OK DMA",35.8587,-98.4196
BECKHAM,OKLAHOMA," Oklahoma City, OK DMA",35.2651,-99.6826
ALFALFA,OKLAHOMA," Oklahoma City, OK DMA",36.7313,-98.3251
WINKLER,TEXAS," Odessa - Midland, TX DMA",31.8614,-103.0627
WARD,TEXAS," Odessa - Midland, TX DMA",31.4598,-103.1287
UPTON,TEXAS," Odessa - Midland, TX DMA",31.369,-102.0443
TERRELL,TEXAS," Odessa - Midland, TX DMA",30.2125,-102.1628
REEVES,TEXAS," Odessa - Midland, TX DMA",31.3853,-103.6537
REAGAN,TEXAS," Odessa - Midland, TX DMA",31.3693,-101.523
PRESIDIO,TEXAS," Odessa - Midland, TX DMA",29.9461,-104.2391
PECOS,TEXAS," Odessa - Midland, TX DMA",30.7143,-102.6595
MIDLAND,TEXAS," Odessa - Midland, TX DMA",31.8364,-102.0316
MARTIN,TEXAS," Odessa - Midland, TX DMA",32.299,-101.9515
LOVING,TEXAS," Odessa - Midland, TX DMA",31.826,-103.5679
JEFF DAVIS,TEXAS," Odessa - Midland, TX DMA",30.761,-104.158
HOWARD,TEXAS," Odessa - Midland, TX DMA",32.2992,-101.4356
GLASSCOCK,TEXAS," Odessa - Midland, TX DMA",31.8477,-101.5209
ECTOR,TEXAS," Odessa - Midland, TX DMA",31.8599,-102.5429
CRANE,TEXAS," Odessa - Midland, TX DMA",31.3689,-102.5403
BREWSTER,TEXAS," Odessa - Midland, TX DMA",29.8231,-103.0823
ANDREWS,TEXAS," Odessa - Midland, TX DMA",32.2885,-102.6379
THOMAS,NEBRASKA," North Platte, NE DMA",41.929,-100.5553
MCPHERSON,NEBRASKA," North Platte, NE DMA",41.5713,-101.0604
LOGAN,NEBRASKA," North Platte, NE DMA",41.5947,-100.4834
LINCOLN,NEBRASKA," North Platte, NE DMA",41.047,-100.7442
HOOKER,NEBRASKA," North Platte, NE DMA",41.9192,-101.1349
BLAINE,NEBRASKA," North Platte, NE DMA",41.913,-99.9765
ARTHUR,NEBRASKA," North Platte, NE DMA",41.5697,-101.6961
YORK,VIRGINIA," Norfolk - Portsmouth - Newport News, VA - NC DMA",37.2317,-76.5476
WILLIAMSBURG,VIRGINIA," Norfolk - Portsmouth - Newport News, VA - NC DMA",37.279,-76.6939
VIRGINIA BEACH,VIRGINIA," Norfolk - Portsmouth - Newport News, VA - NC DMA",36.7411,-76.0335
SURRY,VIRGINIA," Norfolk - Portsmouth - Newport News, VA - NC DMA",37.0936,-76.8952
SUFFOLK,VIRGINIA," Norfolk - Portsmouth - Newport News, VA - NC DMA",36.7317,-76.6221
SOUTHAMPTON,VIRGINIA," Norfolk - Portsmouth - Newport News, VA - NC DMA",36.7705,-77.0963
PORTSMOUTH,VIRGINIA," Norfolk - Portsmouth - Newport News, VA - NC DMA",36.8219,-76.3446
POQUOSON,VIRGINIA," Norfolk - Portsmouth - Newport News, VA - NC DMA",37.1354,-76.3342
NORTHAMPTON,VIRGINIA," Norfolk - Portsmouth - Newport News, VA - NC DMA",37.336,-75.9575
NORFOLK,VIRGINIA," Norfolk - Portsmouth - Newport News, VA - NC DMA",36.8988,-76.2389
NEWPORT NEWS,VIRGINIA," Norfolk - Portsmouth - Newport News, VA - NC DMA",37.0899,-76.4907
MATHEWS,VIRGINIA," Norfolk - Portsmouth - Newport News, VA - NC DMA",37.4196,-76.2904
JAMES CITY,VIRGINIA," Norfolk - Portsmouth - Newport News, VA - NC DMA",37.3128,-76.8041
ISLE OF WIGHT,VIRGINIA," Norfolk - Portsmouth - Newport News, VA - NC DMA",36.8934,-76.6913
HAMPTON,VIRGINIA," Norfolk - Portsmouth - Newport News, VA - NC DMA",37.0509,-76.407
GLOUCESTER,VIRGINIA," Norfolk - Portsmouth - Newport News, VA - NC DMA",37.4244,-76.5714
FRANKLIN CITY,VIRGINIA," Norfolk - Portsmouth - Newport News, VA - NC DMA",36.6775,-76.9326
CHESAPEAKE,VIRGINIA," Norfolk - Portsmouth - Newport News, VA - NC DMA",36.7083,-76.2763
ACCOMACK,VIRGINIA," Norfolk - Portsmouth - Newport News, VA - NC DMA",37.7449,-75.6727
PERQUIMANS,NORTH CAROLINA," Norfolk - Portsmouth - Newport News, VA - NC DMA",36.2279,-76.4477
PASQUOTANK,NORTH CAROLINA," Norfolk - Portsmouth - Newport News, VA - NC DMA",36.3172,-76.3078
HERTFORD,NORTH CAROLINA," Norfolk - Portsmouth - Newport News, VA - NC DMA",36.3931,-77.031
GATES,NORTH CAROLINA," Norfolk - Portsmouth - Newport News, VA - NC DMA",36.4284,-76.7105
DARE,NORTH CAROLINA," Norfolk - Portsmouth - Newport News, VA - NC DMA",35.7741,-75.8627
CURRITUCK,NORTH CAROLINA," Norfolk - Portsmouth - Newport News, VA - NC DMA",36.3115,-75.9312
CHOWAN,NORTH CAROLINA," Norfolk - Portsmouth - Newport News, VA - NC DMA",36.1793,-76.6506
CAMDEN,NORTH CAROLINA," Norfolk - Portsmouth - Newport News, VA - NC DMA",36.3576,-76.171
PIKE,PENNSYLVANIA," New York, NY - CT - NJ - PA DMA",41.3416,-75.0513
WESTCHESTER,NEW YORK," New York, NY - CT - NJ - PA DMA",41.1249,-73.7718
ULSTER,NEW YORK," New York, NY - CT - NJ - PA DMA",41.8791,-74.2028
SULLIVAN,NEW YORK," New York, NY - CT - NJ - PA DMA",41.7194,-74.7908
SUFFOLK,NEW YORK," New York, NY - CT - NJ - PA DMA",40.9086,-72.9176
ROCKLAND,NEW YORK," New York, NY - CT - NJ - PA DMA",41.1589,-74.0653
RICHMOND,NEW YORK," New York, NY - CT - NJ - PA DMA",40.5726,-74.1446
QUEENS,NEW YORK," New York, NY - CT - NJ - PA DMA",40.7043,-73.8196
PUTNAM,NEW YORK," New York, NY - CT - NJ - PA DMA",41.4237,-73.7555
ORANGE,NEW YORK," New York, NY - CT - NJ - PA DMA",41.3876,-74.3315
NEW YORK,NEW YORK," New York, NY - CT - NJ - PA DMA",40.7882,-73.9605
NASSAU,NEW YORK," New York, NY - CT - NJ - PA DMA",40.7554,-73.573
KINGS,NEW YORK," New York, NY - CT - NJ - PA DMA",40.6553,-73.9391
DUTCHESS,NEW YORK," New York, NY - CT - NJ - PA DMA",41.7622,-73.728
BRONX,NEW YORK," New York, NY - CT - NJ - PA DMA",40.856,-73.8664
WARREN,NEW JERSEY," New York, NY - CT - NJ - PA DMA",40.8438,-74.9606
UNION,NEW JERSEY," New York, NY - CT - NJ - PA DMA",40.6656,-74.2739
SUSSEX,NEW JERSEY," New York, NY - CT - NJ - PA DMA",41.1285,-74.6997
SOMERSET,NEW JERSEY," New York, NY - CT - NJ - PA DMA",40.5669,-74.6246
PASSAIC,NEW JERSEY," New York, NY - CT - NJ - PA DMA",41.0117,-74.308
OCEAN,NEW JERSEY," New York, NY - CT - NJ - PA DMA",39.8409,-74.2864
MORRIS,NEW JERSEY," New York, NY - CT - NJ - PA DMA",40.8677,-74.5721
MONMOUTH,NEW JERSEY," New York, NY - CT - NJ - PA DMA",40.2791,-74.1884
MIDDLESEX,NEW JERSEY," New York, NY - CT - NJ - PA DMA",40.4306,-74.4006
HUNTERDON,NEW JERSEY," New York, NY - CT - NJ - PA DMA",40.5639,-74.9125
HUDSON,NEW JERSEY," New York, NY - CT - NJ - PA DMA",40.7337,-74.0641
ESSEX,NEW JERSEY," New York, NY - CT - NJ - PA DMA",40.7945,-74.2539
BERGEN,NEW JERSEY," New York, NY - CT - NJ - PA DMA",40.9485,-74.0323
FAIRFIELD,CONNECTICUT," New York, NY - CT - NJ - PA DMA",41.3271,-73.3274
PEARL RIVER,MISSISSIPPI," New Orleans, LA - MS DMA",30.7369,-89.5804
HANCOCK,MISSISSIPPI," New Orleans, LA - MS DMA",30.4115,-89.5108
WASHINGTON,LOUISIANA," New Orleans, LA - MS DMA",30.8352,-90.0433
TERREBONNE,LOUISIANA," New Orleans, LA - MS DMA",29.4352,-90.8383
TANGIPAHOA,LOUISIANA," New Orleans, LA - MS DMA",30.6427,-90.4062
ST TAMMANY,LOUISIANA," New Orleans, LA - MS DMA",30.4367,-89.9641
ST JOHN THE BAP,LOUISIANA," New Orleans, LA - MS DMA",,
ST JAMES,LOUISIANA," New Orleans, LA - MS DMA",30.0233,-90.8217
ST CHARLES,LOUISIANA," New Orleans, LA - MS DMA",29.8864,-90.3903
ST BERNARD,LOUISIANA," New Orleans, LA - MS DMA",29.8537,-89.6315
PLAQUEMINES,LOUISIANA," New Orleans, LA - MS DMA",29.5375,-89.8306
ORLEANS,LOUISIANA," New Orleans, LA - MS DMA",30.0207,-89.9829
LAFOURCHE,LOUISIANA," New Orleans, LA - MS DMA",29.5039,-90.3832
JEFFERSON,LOUISIANA," New Orleans, LA - MS DMA",29.758,-90.1332
WILSON,TENNESSEE," Nashville, TN - KY DMA",36.153,-86.3215
WILLIAMSON,TENNESSEE," Nashville, TN - KY DMA",35.8732,-86.9151
WHITE,TENNESSEE," Nashville, TN - KY DMA",35.9357,-85.4543
WARREN,TENNESSEE," Nashville, TN - KY DMA",35.6737,-85.7944
VAN BUREN,TENNESSEE," Nashville, TN - KY DMA",35.6687,-85.4578
TROUSDALE,TENNESSEE," Nashville, TN - KY DMA",36.3909,-86.1402
SUMNER,TENNESSEE," Nashville, TN - KY DMA",36.4488,-86.4726
STEWART,TENNESSEE," Nashville, TN - KY DMA",36.5021,-87.8332
SMITH,TENNESSEE," Nashville, TN - KY DMA",36.2544,-85.9737
RUTHERFORD,TENNESSEE," Nashville, TN - KY DMA",35.8599,-86.3934
ROBERTSON,TENNESSEE," Nashville, TN - KY DMA",36.5003,-86.8818
PUTNAM,TENNESSEE," Nashville, TN - KY DMA",36.1421,-85.458
PICKETT,TENNESSEE," Nashville, TN - KY DMA",36.5158,-85.1514
PERRY,TENNESSEE," Nashville, TN - KY DMA",35.6326,-87.8588
OVERTON,TENNESSEE," Nashville, TN - KY DMA",36.3423,-85.3089
MOORE,TENNESSEE," Nashville, TN - KY DMA",35.2676,-86.3609
MONTGOMERY,TENNESSEE," Nashville, TN - KY DMA",36.477,-87.37
MAURY,TENNESSEE," Nashville, TN - KY DMA",35.6297,-87.0804
MARSHALL,TENNESSEE," Nashville, TN - KY DMA",35.484,-86.778
MACON,TENNESSEE," Nashville, TN - KY DMA",36.5267,-86.0142
LEWIS,TENNESSEE," Nashville, TN - KY DMA",35.5284,-87.4866
LAWRENCE,TENNESSEE," Nashville, TN - KY DMA",35.2321,-87.3986
JACKSON,TENNESSEE," Nashville, TN - KY DMA",36.3639,-85.6655
HUMPHREYS,TENNESSEE," Nashville, TN - KY DMA",36.0246,-87.7738
HOUSTON,TENNESSEE," Nashville, TN - KY DMA",36.2734,-87.7325
HICKMAN,TENNESSEE," Nashville, TN - KY DMA",35.8058,-87.4715
HENRY,TENNESSEE," Nashville, TN - KY DMA",36.3112,-88.3117
GILES,TENNESSEE," Nashville, TN - KY DMA",35.2244,-87.0214
FRANKLIN,TENNESSEE," Nashville, TN - KY DMA",35.1755,-86.0823
DICKSON,TENNESSEE," Nashville, TN - KY DMA",36.1462,-87.3611
DECATUR,TENNESSEE," Nashville, TN - KY DMA",35.6152,-88.1124
DE KALB,TENNESSEE," Nashville, TN - KY DMA",35.977,-85.8391
DAVIDSON,TENNESSEE," Nashville, TN - KY DMA",36.1844,-86.7808
COFFEE,TENNESSEE," Nashville, TN - KY DMA",35.4971,-86.0606
CLAY,TENNESSEE," Nashville, TN - KY DMA",36.5157,-85.5343
CHEATHAM,TENNESSEE," Nashville, TN - KY DMA",36.2485,-87.0841
CANNON,TENNESSEE," Nashville, TN - KY DMA",35.8086,-86.0519
BENTON,TENNESSEE," Nashville, TN - KY DMA",36.0868,-88.0829
BEDFORD,TENNESSEE," Nashville, TN - KY DMA",35.5134,-86.4509
TRIGG,KENTUCKY," Nashville, TN - KY DMA",36.8204,-87.9047
TODD,KENTUCKY," Nashville, TN - KY DMA",36.8587,-87.1772
SIMPSON,KENTUCKY," Nashville, TN - KY DMA",36.7631,-86.5716
MONROE,KENTUCKY," Nashville, TN - KY DMA",36.7285,-85.7189
LOGAN,KENTUCKY," Nashville, TN - KY DMA",36.8586,-86.8644
CLINTON,KENTUCKY," Nashville, TN - KY DMA",36.7537,-85.1245
CHRISTIAN,KENTUCKY," Nashville, TN - KY DMA",36.9104,-87.4781
ALLEN,KENTUCKY," Nashville, TN - KY DMA",36.7821,-86.2158
WILCOX,ALABAMA," Montgomery, AL DMA",32.0483,-87.4009
TALLAPOOSA,ALABAMA," Montgomery, AL DMA",32.8004,-85.7978
PIKE,ALABAMA," Montgomery, AL DMA",31.8394,-85.9279
PERRY,ALABAMA," Montgomery, AL DMA",32.5916,-87.2881
MONTGOMERY,ALABAMA," Montgomery, AL DMA",32.2329,-86.2039
MARENGO,ALABAMA," Montgomery, AL DMA",32.269,-87.7608
MACON,ALABAMA," Montgomery, AL DMA",32.4142,-85.7275
LOWNDES,ALABAMA," Montgomery, AL DMA",32.1852,-86.6581
ELMORE,ALABAMA," Montgomery, AL DMA",32.5877,-86.1519
DALLAS,ALABAMA," Montgomery, AL DMA",32.3888,-87.1278
CRENSHAW,ALABAMA," Montgomery, AL DMA",31.7415,-86.2967
COVINGTON,ALABAMA," Montgomery, AL DMA",31.2565,-86.4472
COOSA,ALABAMA," Montgomery, AL DMA",32.9278,-86.2616
BUTLER,ALABAMA," Montgomery, AL DMA",31.7404,-86.6759
BULLOCK,ALABAMA," Montgomery, AL DMA",32.0945,-85.7131
AUTAUGA,ALABAMA," Montgomery, AL DMA",32.5081,-86.6513
SANTA CRUZ,CALIFORNIA," Monterey - Salinas, CA DMA",37.0686,-122.0334
SAN BENITO,CALIFORNIA," Monterey - Salinas, CA DMA",36.5945,-121.0306
MONTEREY,CALIFORNIA," Monterey - Salinas, CA DMA",36.3564,-121.494
WINN,LOUISIANA," Monroe - El Dorado, LA - AR DMA",31.9284,-92.6004
WEST CARROLL,LOUISIANA," Monroe - El Dorado, LA - AR DMA",32.7942,-91.4671
UNION,LOUISIANA," Monroe - El Dorado, LA - AR DMA",32.799,-92.3899
TENSAS,LOUISIANA," Monroe - El Dorado, LA - AR DMA",31.9919,-91.2991
RICHLAND,LOUISIANA," Monroe - El Dorado, LA - AR DMA",32.4099,-91.734
OUACHITA,LOUISIANA," Monroe - El Dorado, LA - AR DMA",32.4909,-92.1743
MOREHOUSE,LOUISIANA," Monroe - El Dorado, LA - AR DMA",32.7574,-91.8294
MADISON,LOUISIANA," Monroe - El Dorado, LA - AR DMA",32.3776,-91.2339
LINCOLN,LOUISIANA," Monroe - El Dorado, LA - AR DMA",32.6067,-92.6415
LA SALLE,LOUISIANA," Monroe - El Dorado, LA - AR DMA",31.626,-92.1804
JACKSON,LOUISIANA," Monroe - El Dorado, LA - AR DMA",32.3213,-92.5438
FRANKLIN,LOUISIANA," Monroe - El Dorado, LA - AR DMA",32.1393,-91.7
EAST CARROLL,LOUISIANA," Monroe - El Dorado, LA - AR DMA",32.7715,-91.2515
CONCORDIA,LOUISIANA," Monroe - El Dorado, LA - AR DMA",31.3672,-91.703
CATAHOULA,LOUISIANA," Monroe - El Dorado, LA - AR DMA",31.598,-91.9166
CALDWELL,LOUISIANA," Monroe - El Dorado, LA - AR DMA",32.1025,-92.092
UNION,ARKANSAS," Monroe - El Dorado, LA - AR DMA",33.1979,-92.5813
ASHLEY,ARKANSAS," Monroe - El Dorado, LA - AR DMA",33.2027,-91.7957
GREENE,MISSISSIPPI," Mobile, AL - Pensacola, FL - MS DMA",31.2173,-88.6393
SANTA ROSA,FLORIDA," Mobile, AL - Pensacola, FL - MS DMA",30.6713,-87.0296
OKALOOSA,FLORIDA," Mobile, AL - Pensacola, FL - MS DMA",30.6992,-86.5921
ESCAMBIA,FLORIDA," Mobile, AL - Pensacola, FL - MS DMA",30.6538,-87.3304
WASHINGTON,ALABAMA," Mobile, AL - Pensacola, FL - MS DMA",31.4071,-88.1879
MONROE,ALABAMA," Mobile, AL - Pensacola, FL - MS DMA",31.5303,-87.3817
MOBILE,ALABAMA," Mobile, AL - Pensacola, FL - MS DMA",30.7466,-88.2172
ESCAMBIA,ALABAMA," Mobile, AL - Pensacola, FL - MS DMA",31.1268,-87.158
CONECUH,ALABAMA," Mobile, AL - Pensacola, FL - MS DMA",31.4682,-86.9508
CLARKE,ALABAMA," Mobile, AL - Pensacola, FL - MS DMA",31.5888,-87.8145
BALDWIN,ALABAMA," Mobile, AL - Pensacola, FL - MS DMA",30.7725,-87.7842
SANDERS,MONTANA," Missoula, MT DMA",47.6957,-115.1536
RAVALLI,MONTANA," Missoula, MT DMA",46.0635,-114.1304
MISSOULA,MONTANA," Missoula, MT DMA",47.1072,-113.9449
MINERAL,MONTANA," Missoula, MT DMA",47.0981,-114.8631
LAKE,MONTANA," Missoula, MT DMA",47.597,-114.1349
GRANITE,MONTANA," Missoula, MT DMA",46.3869,-113.4202
FLATHEAD,MONTANA," Missoula, MT DMA",48.303,-114.0979
PERKINS,SOUTH DAKOTA," Minot - Bismarck - Dickinson, ND - MT - SD DMA",45.4847,-102.4752
DEWEY,SOUTH DAKOTA," Minot - Bismarck - Dickinson, ND - MT - SD DMA",45.1005,-100.9055
CORSON,SOUTH DAKOTA," Minot - Bismarck - Dickinson, ND - MT - SD DMA",45.7135,-101.1566
CAMPBELL,SOUTH DAKOTA," Minot - Bismarck - Dickinson, ND - MT - SD DMA",45.7701,-100.034
WELLS,NORTH DAKOTA," Minot - Bismarck - Dickinson, ND - MT - SD DMA",47.5879,-99.6494
WARD,NORTH DAKOTA," Minot - Bismarck - Dickinson, ND - MT - SD DMA",48.3313,-101.4681
STARK,NORTH DAKOTA," Minot - Bismarck - Dickinson, ND - MT - SD DMA",46.826,-102.6639
SLOPE,NORTH DAKOTA," Minot - Bismarck - Dickinson, ND - MT - SD DMA",46.459,-103.4853
SIOUX,NORTH DAKOTA," Minot - Bismarck - Dickinson, ND - MT - SD DMA",46.1869,-100.8971
SHERIDAN,NORTH DAKOTA," Minot - Bismarck - Dickinson, ND - MT - SD DMA",47.5812,-100.3531
ROLETTE,NORTH DAKOTA," Minot - Bismarck - Dickinson, ND - MT - SD DMA",48.7669,-99.8544
RENVILLE,NORTH DAKOTA," Minot - Bismarck - Dickinson, ND - MT - SD DMA",48.7301,-101.7591
PIERCE,NORTH DAKOTA," Minot - Bismarck - Dickinson, ND - MT - SD DMA",48.2004,-100.0425
OLIVER,NORTH DAKOTA," Minot - Bismarck - Dickinson, ND - MT - SD DMA",47.1388,-101.3546
MOUNTRAIL,NORTH DAKOTA," Minot - Bismarck - Dickinson, ND - MT - SD DMA",48.1518,-102.3751
MORTON,NORTH DAKOTA," Minot - Bismarck - Dickinson, ND - MT - SD DMA",46.635,-101.1905
MERCER,NORTH DAKOTA," Minot - Bismarck - Dickinson, ND - MT - SD DMA",47.2786,-101.7146
MCLEAN,NORTH DAKOTA," Minot - Bismarck - Dickinson, ND - MT - SD DMA",47.5039,-101.0353
MCKENZIE,NORTH DAKOTA," Minot - Bismarck - Dickinson, ND - MT - SD DMA",47.7125,-103.3429
MCINTOSH,NORTH DAKOTA," Minot - Bismarck - Dickinson, ND - MT - SD DMA",46.1117,-99.4415
MCHENRY,NORTH DAKOTA," Minot - Bismarck - Dickinson, ND - MT - SD DMA",48.2442,-100.6258
LOGAN,NORTH DAKOTA," Minot - Bismarck - Dickinson, ND - MT - SD DMA",46.4581,-99.477
KIDDER,NORTH DAKOTA," Minot - Bismarck - Dickinson, ND - MT - SD DMA",46.9801,-99.7608
HETTINGER,NORTH DAKOTA," Minot - Bismarck - Dickinson, ND - MT - SD DMA",46.4177,-102.4867
GRANT,NORTH DAKOTA," Minot - Bismarck - Dickinson, ND - MT - SD DMA",46.3641,-101.548
GOLDEN VALLEY,NORTH DAKOTA," Minot - Bismarck - Dickinson, ND - MT - SD DMA",46.9383,-103.8277
EMMONS,NORTH DAKOTA," Minot - Bismarck - Dickinson, ND - MT - SD DMA",46.2896,-100.2458
DUNN,NORTH DAKOTA," Minot - Bismarck - Dickinson, ND - MT - SD DMA",47.4051,-102.6524
DIVIDE,NORTH DAKOTA," Minot - Bismarck - Dickinson, ND - MT - SD DMA",48.8178,-103.4942
BURLEIGH,NORTH DAKOTA," Minot - Bismarck - Dickinson, ND - MT - SD DMA",46.9823,-100.5255
BURKE,NORTH DAKOTA," Minot - Bismarck - Dickinson, ND - MT - SD DMA",48.7725,-102.546
BOWMAN,NORTH DAKOTA," Minot - Bismarck - Dickinson, ND - MT - SD DMA",46.1134,-103.5206
BOTTINEAU,NORTH DAKOTA," Minot - Bismarck - Dickinson, ND - MT - SD DMA",48.7699,-100.8398
BILLINGS,NORTH DAKOTA," Minot - Bismarck - Dickinson, ND - MT - SD DMA",46.9806,-103.3627
ADAMS,NORTH DAKOTA," Minot - Bismarck - Dickinson, ND - MT - SD DMA",46.1134,-102.4968
WIBAUX,MONTANA," Minot - Bismarck - Dickinson, ND - MT - SD DMA",47.0207,-104.1863
SHERIDAN,MONTANA," Minot - Bismarck - Dickinson, ND - MT - SD DMA",48.6974,-104.5431
ROOSEVELT,MONTANA," Minot - Bismarck - Dickinson, ND - MT - SD DMA",48.2809,-104.9255
RICHLAND,MONTANA," Minot - Bismarck - Dickinson, ND - MT - SD DMA",47.7521,-104.6391
MCCONE,MONTANA," Minot - Bismarck - Dickinson, ND - MT - SD DMA",47.5977,-105.8121
DANIELS,MONTANA," Minot - Bismarck - Dickinson, ND - MT - SD DMA",48.7726,-105.5298
ST CROIX,WISCONSIN," Minneapolis - St. Paul, MN - WI DMA",45.0351,-92.4543
POLK,WISCONSIN," Minneapolis - St. Paul, MN - WI DMA",45.4696,-92.4193
PIERCE,WISCONSIN," Minneapolis - St. Paul, MN - WI DMA",44.7034,-92.4259
PEPIN,WISCONSIN," Minneapolis - St. Paul, MN - WI DMA",44.5458,-92.0873
DUNN,WISCONSIN," Minneapolis - St. Paul, MN - WI DMA",44.9461,-91.8932
BURNETT,WISCONSIN," Minneapolis - St. Paul, MN - WI DMA",45.8994,-92.363
BARRON,WISCONSIN," Minneapolis - St. Paul, MN - WI DMA",45.4265,-91.8486
YELLOW MEDICINE,MINNESOTA," Minneapolis - St. Paul, MN - WI DMA",44.7393,-95.9397
WRIGHT,MINNESOTA," Minneapolis - St. Paul, MN - WI DMA",45.2011,-93.9507
WASHINGTON,MINNESOTA," Minneapolis - St. Paul, MN - WI DMA",45.0213,-92.8735
WASECA,MINNESOTA," Minneapolis - St. Paul, MN - WI DMA",44.0251,-93.5872
WADENA,MINNESOTA," Minneapolis - St. Paul, MN - WI DMA",46.59,-94.9678
WABASHA,MINNESOTA," Minneapolis - St. Paul, MN - WI DMA",44.2807,-92.2277
TRAVERSE,MINNESOTA," Minneapolis - St. Paul, MN - WI DMA",45.805,-96.4285
TODD,MINNESOTA," Minneapolis - St. Paul, MN - WI DMA",46.0722,-94.897
SWIFT,MINNESOTA," Minneapolis - St. Paul, MN - WI DMA",45.2755,-95.6862
STEVENS,MINNESOTA," Minneapolis - St. Paul, MN - WI DMA",45.5888,-96.0058
STEELE,MINNESOTA," Minneapolis - St. Paul, MN - WI DMA",44.0223,-93.2259
STEARNS,MINNESOTA," Minneapolis - St. Paul, MN - WI DMA",45.5294,-94.6407
SIBLEY,MINNESOTA," Minneapolis - St. Paul, MN - WI DMA",44.5871,-94.2659
SHERBURNE,MINNESOTA," Minneapolis - St. Paul, MN - WI DMA",45.4032,-93.7579
SCOTT,MINNESOTA," Minneapolis - St. Paul, MN - WI DMA",44.6795,-93.5028
RICE,MINNESOTA," Minneapolis - St. Paul, MN - WI DMA",44.3629,-93.2822
RENVILLE,MINNESOTA," Minneapolis - St. Paul, MN - WI DMA",44.6747,-94.9703
REDWOOD,MINNESOTA," Minneapolis - St. Paul, MN - WI DMA",44.4497,-95.2299
RAMSEY,MINNESOTA," Minneapolis - St. Paul, MN - WI DMA",45.0067,-93.0961
POPE,MINNESOTA," Minneapolis - St. Paul, MN - WI DMA",45.5997,-95.4491
PINE,MINNESOTA," Minneapolis - St. Paul, MN - WI DMA",46.0796,-92.6745
NICOLLET,MINNESOTA," Minneapolis - St. Paul, MN - WI DMA",44.3061,-94.2046
MORRISON,MINNESOTA," Minneapolis - St. Paul, MN - WI DMA",46.0635,-94.2293
MILLE LACS,MINNESOTA," Minneapolis - St. Paul, MN - WI DMA",45.9017,-93.6432
MEEKER,MINNESOTA," Minneapolis - St. Paul, MN - WI DMA",45.0974,-94.5065
MCLEOD,MINNESOTA," Minneapolis - St. Paul, MN - WI DMA",44.8107,-94.2539
LYON,MINNESOTA," Minneapolis - St. Paul, MN - WI DMA",44.4074,-95.8367
LE SUEUR,MINNESOTA," Minneapolis - St. Paul, MN - WI DMA",44.3701,-93.7434
LAC QUI PARLE,MINNESOTA," Minneapolis - St. Paul, MN - WI DMA",45.0373,-96.1741
KANDIYOHI,MINNESOTA," Minneapolis - St. Paul, MN - WI DMA",45.1587,-95.0019
KANABEC,MINNESOTA," Minneapolis - St. Paul, MN - WI DMA",45.9423,-93.3307
JACKSON,MINNESOTA," Minneapolis - St. Paul, MN - WI DMA",43.6789,-95.1538
ISANTI,MINNESOTA," Minneapolis - St. Paul, MN - WI DMA",45.5694,-93.3266
HUBBARD,MINNESOTA," Minneapolis - St. Paul, MN - WI DMA",47.1112,-94.9167
HENNEPIN,MINNESOTA," Minneapolis - St. Paul, MN - WI DMA",45.012,-93.4873
GRANT,MINNESOTA," Minneapolis - St. Paul, MN - WI DMA",45.9343,-96.0116
GOODHUE,MINNESOTA," Minneapolis - St. Paul, MN - WI DMA",44.455,-92.7349
FARIBAULT,MINNESOTA," Minneapolis - St. Paul, MN - WI DMA",43.6808,-93.9481
DOUGLAS,MINNESOTA," Minneapolis - St. Paul, MN - WI DMA",45.9337,-95.4525
DAKOTA,MINNESOTA," Minneapolis - St. Paul, MN - WI DMA",44.6986,-93.0252
CROW WING,MINNESOTA," Minneapolis - St. Paul, MN - WI DMA",46.4798,-94.0703
COTTONWOOD,MINNESOTA," Minneapolis - St. Paul, MN - WI DMA",44.0291,-95.1608
CHISAGO,MINNESOTA," Minneapolis - St. Paul, MN - WI DMA",45.5139,-92.8742
CHIPPEWA,MINNESOTA," Minneapolis - St. Paul, MN - WI DMA",44.9523,-95.5279
CASS,MINNESOTA," Minneapolis - St. Paul, MN - WI DMA",46.8828,-94.2174
CARVER,MINNESOTA," Minneapolis - St. Paul, MN - WI DMA",44.8101,-93.7653
BIG STONE,MINNESOTA," Minneapolis - St. Paul, MN - WI DMA",45.3816,-96.333
BENTON,MINNESOTA," Minneapolis - St. Paul, MN - WI DMA",45.6899,-93.9838
BELTRAMI,MINNESOTA," Minneapolis - St. Paul, MN - WI DMA",47.9786,-94.8401
ANOKA,MINNESOTA," Minneapolis - St. Paul, MN - WI DMA",45.2255,-93.243
WAUKESHA,WISCONSIN," Milwaukee, WI DMA",43.0181,-88.3044
WASHINGTON,WISCONSIN," Milwaukee, WI DMA",43.3686,-88.2293
WALWORTH,WISCONSIN," Milwaukee, WI DMA",42.6678,-88.5413
SHEBOYGAN,WISCONSIN," Milwaukee, WI DMA",43.715,-87.9328
RACINE,WISCONSIN," Milwaukee, WI DMA",42.7271,-88.0428
OZAUKEE,WISCONSIN," Milwaukee, WI DMA",43.3679,-87.9585
MILWAUKEE,WISCONSIN," Milwaukee, WI DMA",43.0178,-87.9818
KENOSHA,WISCONSIN," Milwaukee, WI DMA",42.5814,-88.0586
JEFFERSON,WISCONSIN," Milwaukee, WI DMA",43.0217,-88.7768
DODGE,WISCONSIN," Milwaukee, WI DMA",43.413,-88.7032
MONROE,FLORIDA," Miami - Ft. Lauderdale, FL DMA",25.4621,-81.0211
MIAMI-DADE,FLORIDA," Miami - Ft. Lauderdale, FL DMA",25.5592,-80.5906
DADE,FLORIDA," Miami - Ft. Lauderdale, FL DMA",,
BROWARD,FLORIDA," Miami - Ft. Lauderdale, FL DMA",26.1511,-80.4895
NEWTON,MISSISSIPPI," Meridian, MS - AL DMA",32.4054,-89.1188
NESHOBA,MISSISSIPPI," Meridian, MS - AL DMA",32.7549,-89.1169
LAUDERDALE,MISSISSIPPI," Meridian, MS - AL DMA",32.3986,-88.6626
KEMPER,MISSISSIPPI," Meridian, MS - AL DMA",32.7519,-88.6416
CLARKE,MISSISSIPPI," Meridian, MS - AL DMA",32.0179,-88.6852
SUMTER,ALABAMA," Meridian, MS - AL DMA",32.6525,-88.2171
CHOCTAW,ALABAMA," Meridian, MS - AL DMA",32.0048,-88.286
TIPTON,TENNESSEE," Memphis, TN - AR- MS - MO DMA",35.5119,-89.7605
SHELBY,TENNESSEE," Memphis, TN - AR- MS - MO DMA",35.2037,-89.8653
MCNAIRY,TENNESSEE," Memphis, TN - AR- MS - MO DMA",35.1939,-88.5778
LAUDERDALE,TENNESSEE," Memphis, TN - AR- MS - MO DMA",35.7431,-89.649
HAYWOOD,TENNESSEE," Memphis, TN - AR- MS - MO DMA",35.6097,-89.2708
HARDEMAN,TENNESSEE," Memphis, TN - AR- MS - MO DMA",35.2109,-88.9869
GIBSON,TENNESSEE," Memphis, TN - AR- MS - MO DMA",36.0073,-88.9462
FAYETTE,TENNESSEE," Memphis, TN - AR- MS - MO DMA",35.2022,-89.4141
DYER,TENNESSEE," Memphis, TN - AR- MS - MO DMA",36.0492,-89.4236
CROCKETT,TENNESSEE," Memphis, TN - AR- MS - MO DMA",35.8359,-89.1825
CHESTER,TENNESSEE," Memphis, TN - AR- MS - MO DMA",35.4232,-88.6014
PEMISCOT,MISSOURI," Memphis, TN - AR- MS - MO DMA",36.2112,-89.8163
TUNICA,MISSISSIPPI," Memphis, TN - AR- MS - MO DMA",34.6582,-90.3483
TIPPAH,MISSISSIPPI," Memphis, TN - AR- MS - MO DMA",34.802,-88.9206
TATE,MISSISSIPPI," Memphis, TN - AR- MS - MO DMA",34.6634,-89.9441
QUITMAN,MISSISSIPPI," Memphis, TN - AR- MS - MO DMA",34.2959,-90.2919
PANOLA,MISSISSIPPI," Memphis, TN - AR- MS - MO DMA",34.3561,-89.9593
MARSHALL,MISSISSIPPI," Memphis, TN - AR- MS - MO DMA",34.7467,-89.5112
LAFAYETTE,MISSISSIPPI," Memphis, TN - AR- MS - MO DMA",34.3592,-89.4837
DE SOTO,MISSISSIPPI," Memphis, TN - AR- MS - MO DMA",34.8543,-89.963
COAHOMA,MISSISSIPPI," Memphis, TN - AR- MS - MO DMA",34.2547,-90.6431
BENTON,MISSISSIPPI," Memphis, TN - AR- MS - MO DMA",34.786,-89.1937
ALCORN,MISSISSIPPI," Memphis, TN - AR- MS - MO DMA",34.8815,-88.5944
ST FRANCIS,ARKANSAS," Memphis, TN - AR- MS - MO DMA",35.0082,-90.7238
POINSETT,ARKANSAS," Memphis, TN - AR- MS - MO DMA",35.5727,-90.6628
PHILLIPS,ARKANSAS," Memphis, TN - AR- MS - MO DMA",34.3824,-90.8232
MISSISSIPPI,ARKANSAS," Memphis, TN - AR- MS - MO DMA",35.6977,-90.1216
LEE,ARKANSAS," Memphis, TN - AR- MS - MO DMA",34.7694,-90.823
CROSS,ARKANSAS," Memphis, TN - AR- MS - MO DMA",35.3175,-90.7719
CRITTENDEN,ARKANSAS," Memphis, TN - AR- MS - MO DMA",35.1383,-90.2329
LAKE,OREGON," Medford - Klamath Falls, OR - CA DMA",42.8178,-120.6468
KLAMATH,OREGON," Medford - Klamath Falls, OR - CA DMA",42.8067,-121.8166
JOSEPHINE,OREGON," Medford - Klamath Falls, OR - CA DMA",42.3912,-123.6336
JACKSON,OREGON," Medford - Klamath Falls, OR - CA DMA",42.5019,-122.7562
CURRY,OREGON," Medford - Klamath Falls, OR - CA DMA",42.4773,-124.2135
SISKIYOU,CALIFORNIA," Medford - Klamath Falls, OR - CA DMA",41.5027,-122.5449
MODOC,CALIFORNIA," Medford - Klamath Falls, OR - CA DMA",41.5924,-120.7237
FLORENCE,WISCONSIN," Marquette, MI DMA",45.8674,-88.3756
SCHOOLCRAFT,MICHIGAN," Marquette, MI DMA",46.1369,-86.1775
ONTONAGON,MICHIGAN," Marquette, MI DMA",46.6939,-89.364
MARQUETTE,MICHIGAN," Marquette, MI DMA",46.4541,-87.6166
KEWEENAW,MICHIGAN," Marquette, MI DMA",47.3413,-88.198
IRON,MICHIGAN," Marquette, MI DMA",46.1619,-88.5543
HOUGHTON,MICHIGAN," Marquette, MI DMA",46.8547,-88.7422
DICKINSON,MICHIGAN," Marquette, MI DMA",45.9809,-87.8673
DELTA,MICHIGAN," Marquette, MI DMA",45.8554,-87.1712
BARAGA,MICHIGAN," Marquette, MI DMA",46.7009,-88.3348
ALGER,MICHIGAN," Marquette, MI DMA",46.425,-86.8882
WATONWAN,MINNESOTA," Mankato, MN - IA DMA",43.9851,-94.6141
MARTIN,MINNESOTA," Mankato, MN - IA DMA",43.6862,-94.5511
BROWN,MINNESOTA," Mankato, MN - IA DMA",44.3034,-94.6524
BLUE EARTH,MINNESOTA," Mankato, MN - IA DMA",44.0567,-94.0688
EMMET,IOWA," Mankato, MN - IA DMA",43.3757,-94.6784
SAUK,WISCONSIN," Madison, WI DMA",43.3945,-89.8965
ROCK,WISCONSIN," Madison, WI DMA",42.6692,-89.072
RICHLAND,WISCONSIN," Madison, WI DMA",43.3664,-90.4289
MARQUETTE,WISCONSIN," Madison, WI DMA",43.8129,-89.3981
LAFAYETTE,WISCONSIN," Madison, WI DMA",42.6602,-90.1317
JUNEAU,WISCONSIN," Madison, WI DMA",43.9467,-90.1322
IOWA,WISCONSIN," Madison, WI DMA",43.0094,-90.1334
GREEN,WISCONSIN," Madison, WI DMA",42.6775,-89.6024
GRANT,WISCONSIN," Madison, WI DMA",42.8621,-90.7628
DANE,WISCONSIN," Madison, WI DMA",43.073,-89.4247
COLUMBIA,WISCONSIN," Madison, WI DMA",43.4614,-89.3035
WILKINSON,GEORGIA," Macon, GA DMA",32.7966,-83.1537
WILCOX,GEORGIA," Macon, GA DMA",31.989,-83.45
WHEELER,GEORGIA," Macon, GA DMA",32.1146,-82.7647
WASHINGTON,GEORGIA," Macon, GA DMA",32.9975,-82.7988
TWIGGS,GEORGIA," Macon, GA DMA",32.6753,-83.4428
TREUTLEN,GEORGIA," Macon, GA DMA",32.4032,-82.5473
TELFAIR,GEORGIA," Macon, GA DMA",31.9642,-82.9136
PULASKI,GEORGIA," Macon, GA DMA",32.2541,-83.4876
PEACH,GEORGIA," Macon, GA DMA",32.5654,-83.8325
MONROE,GEORGIA," Macon, GA DMA",33.0262,-83.8828
MACON,GEORGIA," Macon, GA DMA",32.3532,-84.0509
LAURENS,GEORGIA," Macon, GA DMA",32.4323,-82.9229
JONES,GEORGIA," Macon, GA DMA",33.0137,-83.5574
JOHNSON,GEORGIA," Macon, GA DMA",32.6656,-82.6422
HOUSTON,GEORGIA," Macon, GA DMA",32.4877,-83.6449
HANCOCK,GEORGIA," Macon, GA DMA",33.2596,-82.9988
DOOLY,GEORGIA," Macon, GA DMA",32.1604,-83.8203
DODGE,GEORGIA," Macon, GA DMA",32.1735,-83.1512
CRAWFORD,GEORGIA," Macon, GA DMA",32.6937,-83.9622
BLECKLEY,GEORGIA," Macon, GA DMA",32.4283,-83.345
BIBB,GEORGIA," Macon, GA DMA",32.8066,-83.6856
BALDWIN,GEORGIA," Macon, GA DMA",33.0582,-83.2522
YOAKUM,TEXAS," Lubbock, TX DMA",33.1614,-102.828
TERRY,TEXAS," Lubbock, TX DMA",33.1754,-102.3353
MOTLEY,TEXAS," Lubbock, TX DMA",34.0728,-100.7798
LYNN,TEXAS," Lubbock, TX DMA",33.179,-101.8167
LUBBOCK,TEXAS," Lubbock, TX DMA",33.6145,-101.8206
LAMB,TEXAS," Lubbock, TX DMA",34.0888,-102.3518
KENT,TEXAS," Lubbock, TX DMA",33.1797,-100.7781
HOCKLEY,TEXAS," Lubbock, TX DMA",33.6124,-102.3431
HALE,TEXAS," Lubbock, TX DMA",34.068,-101.8263
GARZA,TEXAS," Lubbock, TX DMA",33.1798,-101.298
GAINES,TEXAS," Lubbock, TX DMA",32.7355,-102.6352
FLOYD,TEXAS," Lubbock, TX DMA",34.069,-101.303
DICKENS,TEXAS," Lubbock, TX DMA",33.6166,-100.7789
DAWSON,TEXAS," Lubbock, TX DMA",32.737,-101.9478
CROSBY,TEXAS," Lubbock, TX DMA",33.6161,-101.3
COCHRAN,TEXAS," Lubbock, TX DMA",33.6054,-102.8284
BORDEN,TEXAS," Lubbock, TX DMA",32.7474,-101.4322
BAILEY,TEXAS," Lubbock, TX DMA",34.0706,-102.8295
WASHINGTON,KENTUCKY," Louisville, KY - IN DMA",37.7743,-85.1824
TRIMBLE,KENTUCKY," Louisville, KY - IN DMA",38.6152,-85.333
TAYLOR,KENTUCKY," Louisville, KY - IN DMA",37.338,-85.3025
SPENCER,KENTUCKY," Louisville, KY - IN DMA",38.0446,-85.3081
SHELBY,KENTUCKY," Louisville, KY - IN DMA",38.1963,-85.2104
OLDHAM,KENTUCKY," Louisville, KY - IN DMA",38.4048,-85.4772
NELSON,KENTUCKY," Louisville, KY - IN DMA",37.7582,-85.5289
MEADE,KENTUCKY," Louisville, KY - IN DMA",37.9991,-86.2525
MARION,KENTUCKY," Louisville, KY - IN DMA",37.5778,-85.2723
LARUE,KENTUCKY," Louisville, KY - IN DMA",37.5774,-85.7119
JEFFERSON,KENTUCKY," Louisville, KY - IN DMA",38.1944,-85.6526
HENRY,KENTUCKY," Louisville, KY - IN DMA",38.4671,-85.1459
HARDIN,KENTUCKY," Louisville, KY - IN DMA",37.726,-85.94
GREEN,KENTUCKY," Louisville, KY - IN DMA",37.2912,-85.5544
GRAYSON,KENTUCKY," Louisville, KY - IN DMA",37.4721,-86.3497
CARROLL,KENTUCKY," Louisville, KY - IN DMA",38.6688,-85.1085
BULLITT,KENTUCKY," Louisville, KY - IN DMA",37.9623,-85.7158
BRECKINRIDGE,KENTUCKY," Louisville, KY - IN DMA",37.8123,-86.4205
WASHINGTON,INDIANA," Louisville, KY - IN DMA",38.6055,-86.097
SCOTT,INDIANA," Louisville, KY - IN DMA",38.6962,-85.7482
ORANGE,INDIANA," Louisville, KY - IN DMA",38.5438,-86.4952
JENNINGS,INDIANA," Louisville, KY - IN DMA",39.0071,-85.621
JEFFERSON,INDIANA," Louisville, KY - IN DMA",38.7525,-85.4432
JACKSON,INDIANA," Louisville, KY - IN DMA",38.8901,-86.0369
HARRISON,INDIANA," Louisville, KY - IN DMA",38.1907,-86.1341
FLOYD,INDIANA," Louisville, KY - IN DMA",38.2987,-85.8932
CRAWFORD,INDIANA," Louisville, KY - IN DMA",38.2644,-86.4229
CLARK,INDIANA," Louisville, KY - IN DMA",38.4373,-85.8012
VENTURA,CALIFORNIA," Los Angeles, CA DMA",34.4736,-119.084
SAN BERNARDINO,CALIFORNIA," Los Angeles, CA DMA",34.8464,-116.1156
ORANGE,CALIFORNIA," Los Angeles, CA DMA",33.6664,-117.7196
LOS ANGELES,CALIFORNIA," Los Angeles, CA DMA",34.2663,-118.1424
INYO,CALIFORNIA," Los Angeles, CA DMA",36.6305,-117.5174
YELL,ARKANSAS," Little Rock - Pine Bluff, AR DMA",35.0309,-93.4052
WOODRUFF,ARKANSAS," Little Rock - Pine Bluff, AR DMA",35.1797,-91.2326
WHITE,ARKANSAS," Little Rock - Pine Bluff, AR DMA",35.2732,-91.7628
VAN BUREN,ARKANSAS," Little Rock - Pine Bluff, AR DMA",35.5767,-92.5285
STONE,ARKANSAS," Little Rock - Pine Bluff, AR DMA",35.9192,-92.2199
SEARCY,ARKANSAS," Little Rock - Pine Bluff, AR DMA",35.9134,-92.6797
SALINE,ARKANSAS," Little Rock - Pine Bluff, AR DMA",34.6353,-92.6621
PULASKI,ARKANSAS," Little Rock - Pine Bluff, AR DMA",34.7548,-92.3139
PRAIRIE,ARKANSAS," Little Rock - Pine Bluff, AR DMA",34.7916,-91.5346
POPE,ARKANSAS," Little Rock - Pine Bluff, AR DMA",35.4305,-93.0741
POLK,ARKANSAS," Little Rock - Pine Bluff, AR DMA",34.4578,-94.1985
PIKE,ARKANSAS," Little Rock - Pine Bluff, AR DMA",34.1469,-93.6329
PERRY,ARKANSAS," Little Rock - Pine Bluff, AR DMA",34.9429,-92.881
OUACHITA,ARKANSAS," Little Rock - Pine Bluff, AR DMA",33.5896,-92.9107
MONTGOMERY,ARKANSAS," Little Rock - Pine Bluff, AR DMA",34.5437,-93.6686
MONROE,ARKANSAS," Little Rock - Pine Bluff, AR DMA",34.6711,-91.2128
LONOKE,ARKANSAS," Little Rock - Pine Bluff, AR DMA",34.7777,-91.8876
LINCOLN,ARKANSAS," Little Rock - Pine Bluff, AR DMA",33.9818,-91.7095
JOHNSON,ARKANSAS," Little Rock - Pine Bluff, AR DMA",35.5483,-93.4628
JEFFERSON,ARKANSAS," Little Rock - Pine Bluff, AR DMA",34.2766,-91.9612
JACKSON,ARKANSAS," Little Rock - Pine Bluff, AR DMA",35.6224,-91.2038
INDEPENDENCE,ARKANSAS," Little Rock - Pine Bluff, AR DMA",35.735,-91.5822
HOT SPRING,ARKANSAS," Little Rock - Pine Bluff, AR DMA",34.3241,-93.0135
GRANT,ARKANSAS," Little Rock - Pine Bluff, AR DMA",34.2718,-92.4422
GARLAND,ARKANSAS," Little Rock - Pine Bluff, AR DMA",34.5809,-93.1061
FAULKNER,ARKANSAS," Little Rock - Pine Bluff, AR DMA",35.1076,-92.3337
DREW,ARKANSAS," Little Rock - Pine Bluff, AR DMA",33.5851,-91.7146
DESHA,ARKANSAS," Little Rock - Pine Bluff, AR DMA",33.8197,-91.3035
DALLAS,ARKANSAS," Little Rock - Pine Bluff, AR DMA",33.976,-92.7174
CONWAY,ARKANSAS," Little Rock - Pine Bluff, AR DMA",35.2674,-92.6763
CLEVELAND,ARKANSAS," Little Rock - Pine Bluff, AR DMA",33.8844,-92.184
CLEBURNE,ARKANSAS," Little Rock - Pine Bluff, AR DMA",35.536,-92.0212
CLARK,ARKANSAS," Little Rock - Pine Bluff, AR DMA",34.056,-93.1614
CALHOUN,ARKANSAS," Little Rock - Pine Bluff, AR DMA",33.5364,-92.5485
BRADLEY,ARKANSAS," Little Rock - Pine Bluff, AR DMA",33.4342,-92.1667
ARKANSAS,ARKANSAS," Little Rock - Pine Bluff, AR DMA",34.2533,-91.3876
YORK,NEBRASKA," Lincoln & Hastings - Kearney Plus, NE - KS DMA",40.8794,-97.5972
WHEELER,NEBRASKA," Lincoln & Hastings - Kearney Plus, NE - KS DMA",41.9144,-98.5281
WEBSTER,NEBRASKA," Lincoln & Hastings - Kearney Plus, NE - KS DMA",40.1769,-98.4998
VALLEY,NEBRASKA," Lincoln & Hastings - Kearney Plus, NE - KS DMA",41.5667,-98.9817
THAYER,NEBRASKA," Lincoln & Hastings - Kearney Plus, NE - KS DMA",40.1835,-97.5949
SHERMAN,NEBRASKA," Lincoln & Hastings - Kearney Plus, NE - KS DMA",41.2257,-98.9762
SEWARD,NEBRASKA," Lincoln & Hastings - Kearney Plus, NE - KS DMA",40.8792,-97.1394
SALINE,NEBRASKA," Lincoln & Hastings - Kearney Plus, NE - KS DMA",40.5313,-97.1406
ROCK,NEBRASKA," Lincoln & Hastings - Kearney Plus, NE - KS DMA",42.4494,-99.4604
RED WILLOW,NEBRASKA," Lincoln & Hastings - Kearney Plus, NE - KS DMA",40.1821,-100.4778
POLK,NEBRASKA," Lincoln & Hastings - Kearney Plus, NE - KS DMA",41.222,-97.5724
PHELPS,NEBRASKA," Lincoln & Hastings - Kearney Plus, NE - KS DMA",40.5215,-99.4118
PERKINS,NEBRASKA," Lincoln & Hastings - Kearney Plus, NE - KS DMA",40.8495,-101.6496
NUCKOLLS,NEBRASKA," Lincoln & Hastings - Kearney Plus, NE - KS DMA",40.1769,-98.0472
NANCE,NEBRASKA," Lincoln & Hastings - Kearney Plus, NE - KS DMA",41.3988,-97.9976
MERRICK,NEBRASKA," Lincoln & Hastings - Kearney Plus, NE - KS DMA",41.1371,-98.0739
LOUP,NEBRASKA," Lincoln & Hastings - Kearney Plus, NE - KS DMA",41.913,-99.4544
LANCASTER,NEBRASKA," Lincoln & Hastings - Kearney Plus, NE - KS DMA",40.7872,-96.6872
KEYA PAHA,NEBRASKA," Lincoln & Hastings - Kearney Plus, NE - KS DMA",42.8582,-99.7277
KEARNEY,NEBRASKA," Lincoln & Hastings - Kearney Plus, NE - KS DMA",40.5292,-98.9518
JEFFERSON,NEBRASKA," Lincoln & Hastings - Kearney Plus, NE - KS DMA",40.1832,-97.1427
HOWARD,NEBRASKA," Lincoln & Hastings - Kearney Plus, NE - KS DMA",41.2222,-98.5172
HOLT,NEBRASKA," Lincoln & Hastings - Kearney Plus, NE - KS DMA",42.4933,-98.7752
HITCHCOCK,NEBRASKA," Lincoln & Hastings - Kearney Plus, NE - KS DMA",40.179,-101.0431
HAYES,NEBRASKA," Lincoln & Hastings - Kearney Plus, NE - KS DMA",40.5333,-101.0637
HARLAN,NEBRASKA," Lincoln & Hastings - Kearney Plus, NE - KS DMA",40.18,-99.4045
HAMILTON,NEBRASKA," Lincoln & Hastings - Kearney Plus, NE - KS DMA",40.9375,-98.0167
HALL,NEBRASKA," Lincoln & Hastings - Kearney Plus, NE - KS DMA",40.8731,-98.5022
GREELEY,NEBRASKA," Lincoln & Hastings - Kearney Plus, NE - KS DMA",41.5734,-98.5213
GOSPER,NEBRASKA," Lincoln & Hastings - Kearney Plus, NE - KS DMA",40.5285,-99.8127
GARFIELD,NEBRASKA," Lincoln & Hastings - Kearney Plus, NE - KS DMA",41.9211,-98.9916
GAGE,NEBRASKA," Lincoln & Hastings - Kearney Plus, NE - KS DMA",40.2659,-96.69
FURNAS,NEBRASKA," Lincoln & Hastings - Kearney Plus, NE - KS DMA",40.193,-99.9124
FRONTIER,NEBRASKA," Lincoln & Hastings - Kearney Plus, NE - KS DMA",40.532,-100.3823
FRANKLIN,NEBRASKA," Lincoln & Hastings - Kearney Plus, NE - KS DMA",40.18,-98.9526
FILLMORE,NEBRASKA," Lincoln & Hastings - Kearney Plus, NE - KS DMA",40.5318,-97.5965
DAWSON,NEBRASKA," Lincoln & Hastings - Kearney Plus, NE - KS DMA",40.8658,-99.8251
CUSTER,NEBRASKA," Lincoln & Hastings - Kearney Plus, NE - KS DMA",41.3952,-99.7319
CLAY,NEBRASKA," Lincoln & Hastings - Kearney Plus, NE - KS DMA",40.5251,-98.0513
CHASE,NEBRASKA," Lincoln & Hastings - Kearney Plus, NE - KS DMA",40.5299,-101.698
BUFFALO,NEBRASKA," Lincoln & Hastings - Kearney Plus, NE - KS DMA",40.8486,-99.074
BROWN,NEBRASKA," Lincoln & Hastings - Kearney Plus, NE - KS DMA",42.4671,-99.9296
BOYD,NEBRASKA," Lincoln & Hastings - Kearney Plus, NE - KS DMA",42.8802,-98.6249
BOONE,NEBRASKA," Lincoln & Hastings - Kearney Plus, NE - KS DMA",41.6949,-98.0609
ANTELOPE,NEBRASKA," Lincoln & Hastings - Kearney Plus, NE - KS DMA",42.1782,-98.0677
ADAMS,NEBRASKA," Lincoln & Hastings - Kearney Plus, NE - KS DMA",40.5222,-98.5011
SMITH,KANSAS," Lincoln & Hastings - Kearney Plus, NE - KS DMA",39.7851,-98.7853
REPUBLIC,KANSAS," Lincoln & Hastings - Kearney Plus, NE - KS DMA",39.8302,-97.6509
PHILLIPS,KANSAS," Lincoln & Hastings - Kearney Plus, NE - KS DMA",39.7853,-99.3468
JEWELL,KANSAS," Lincoln & Hastings - Kearney Plus, NE - KS DMA",39.7907,-98.2187
ALLEN,OHIO," Lima, OH DMA",40.7849,-84.1386
WOODFORD,KENTUCKY," Lexington, KY DMA",38.0212,-84.7437
WOLFE,KENTUCKY," Lexington, KY DMA",37.7403,-83.489
WHITLEY,KENTUCKY," Lexington, KY DMA",36.7804,-84.1636
WAYNE,KENTUCKY," Lexington, KY DMA",36.8007,-84.8154
SCOTT,KENTUCKY," Lexington, KY DMA",38.3021,-84.5863
RUSSELL,KENTUCKY," Lexington, KY DMA",37.0073,-85.0286
ROWAN,KENTUCKY," Lexington, KY DMA",38.207,-83.4425
ROCKCASTLE,KENTUCKY," Lexington, KY DMA",37.3462,-84.3152
PULASKI,KENTUCKY," Lexington, KY DMA",37.1116,-84.5965
POWELL,KENTUCKY," Lexington, KY DMA",37.8252,-83.7968
PERRY,KENTUCKY," Lexington, KY DMA",37.2181,-83.1793
OWSLEY,KENTUCKY," Lexington, KY DMA",37.399,-83.6845
NICHOLAS,KENTUCKY," Lexington, KY DMA",38.3265,-83.9972
MORGAN,KENTUCKY," Lexington, KY DMA",37.9136,-83.2228
MONTGOMERY,KENTUCKY," Lexington, KY DMA",38.0463,-83.92
MERCER,KENTUCKY," Lexington, KY DMA",37.8246,-84.8676
MENIFEE,KENTUCKY," Lexington, KY DMA",37.9388,-83.6113
MADISON,KENTUCKY," Lexington, KY DMA",37.7168,-84.291
LINCOLN,KENTUCKY," Lexington, KY DMA",37.4428,-84.6585
LEE,KENTUCKY," Lexington, KY DMA",37.6037,-83.7001
LAUREL,KENTUCKY," Lexington, KY DMA",37.1377,-84.1151
KNOX,KENTUCKY," Lexington, KY DMA",36.8716,-83.8549
KNOTT,KENTUCKY," Lexington, KY DMA",37.3502,-82.9377
JESSAMINE,KENTUCKY," Lexington, KY DMA",37.866,-84.572
JACKSON,KENTUCKY," Lexington, KY DMA",37.4156,-83.9961
HARRISON,KENTUCKY," Lexington, KY DMA",38.4301,-84.3284
GARRARD,KENTUCKY," Lexington, KY DMA",37.6516,-84.55
FRANKLIN,KENTUCKY," Lexington, KY DMA",38.2397,-84.8667
FLEMING,KENTUCKY," Lexington, KY DMA",38.3482,-83.6784
FAYETTE,KENTUCKY," Lexington, KY DMA",38.0282,-84.4715
ESTILL,KENTUCKY," Lexington, KY DMA",37.6982,-83.9308
CLAY,KENTUCKY," Lexington, KY DMA",37.1482,-83.7483
CLARK,KENTUCKY," Lexington, KY DMA",37.9696,-84.156
CASEY,KENTUCKY," Lexington, KY DMA",37.3273,-84.9335
BREATHITT,KENTUCKY," Lexington, KY DMA",37.5153,-83.3353
BOYLE,KENTUCKY," Lexington, KY DMA",37.6248,-84.8608
BOURBON,KENTUCKY," Lexington, KY DMA",38.2195,-84.2238
BATH,KENTUCKY," Lexington, KY DMA",38.1478,-83.7763
ANDERSON,KENTUCKY," Lexington, KY DMA",38.0072,-84.9809
NYE,NEVADA," Las Vegas, NV DMA",37.5883,-116.5304
LINCOLN,NEVADA," Las Vegas, NV DMA",37.7609,-114.9727
CLARK,NEVADA," Las Vegas, NV DMA",35.933,-115.2601
ZAPATA,TEXAS," Laredo, TX DMA",26.9454,-99.1717
WEBB,TEXAS," Laredo, TX DMA",27.7332,-99.288
JACKSON,MICHIGAN," Lansing, MI DMA",42.2474,-84.4239
INGHAM,MICHIGAN," Lansing, MI DMA",42.5982,-84.3736
HILLSDALE,MICHIGAN," Lansing, MI DMA",41.891,-84.5935
EATON,MICHIGAN," Lansing, MI DMA",42.5931,-84.8387
CLINTON,MICHIGAN," Lansing, MI DMA",42.942,-84.6016
CAMERON,LOUISIANA," Lake Charles, LA DMA",29.819,-93.2298
CALCASIEU,LOUISIANA," Lake Charles, LA DMA",30.2641,-93.3691
BEAUREGARD,LOUISIANA," Lake Charles, LA DMA",30.6436,-93.3292
ALLEN,LOUISIANA," Lake Charles, LA DMA",30.6655,-92.7883
VERMILION,LOUISIANA," Lafayette, LA DMA",29.8404,-92.2937
ST MARTIN,LOUISIANA," Lafayette, LA DMA",30.2651,-91.78
ST LANDRY,LOUISIANA," Lafayette, LA DMA",30.5748,-91.9828
LAFAYETTE,LOUISIANA," Lafayette, LA DMA",30.2094,-92.1134
JEFFERSON DAVIS,LOUISIANA," Lafayette, LA DMA",30.263,-92.8281
IBERIA,LOUISIANA," Lafayette, LA DMA",29.923,-91.8138
EVANGELINE,LOUISIANA," Lafayette, LA DMA",30.741,-92.3853
ACADIA,LOUISIANA," Lafayette, LA DMA",30.2656,-92.4008
WARREN,INDIANA," Lafayette, IN DMA",40.3028,-87.3887
TIPPECANOE,INDIANA," Lafayette, IN DMA",40.3925,-86.8937
VERNON,WISCONSIN," LaCrosse - Eau Claire, WI - MN DMA",43.5769,-90.7714
TREMPEALEAU,WISCONSIN," LaCrosse - Eau Claire, WI - MN DMA",44.2856,-91.3478
RUSK,WISCONSIN," LaCrosse - Eau Claire, WI - MN DMA",45.4691,-91.1092
MONROE,WISCONSIN," LaCrosse - Eau Claire, WI - MN DMA",43.9434,-90.6118
LA CROSSE,WISCONSIN," LaCrosse - Eau Claire, WI - MN DMA",43.9075,-91.1276
JACKSON,WISCONSIN," LaCrosse - Eau Claire, WI - MN DMA",44.3311,-90.7417
EAU CLAIRE,WISCONSIN," LaCrosse - Eau Claire, WI - MN DMA",44.7306,-91.286
CRAWFORD,WISCONSIN," LaCrosse - Eau Claire, WI - MN DMA",43.2104,-90.8849
CLARK,WISCONSIN," LaCrosse - Eau Claire, WI - MN DMA",44.7321,-90.6192
CHIPPEWA,WISCONSIN," LaCrosse - Eau Claire, WI - MN DMA",45.0767,-91.2876
BUFFALO,WISCONSIN," LaCrosse - Eau Claire, WI - MN DMA",44.3147,-91.722
WINONA,MINNESOTA," LaCrosse - Eau Claire, WI - MN DMA",44.0197,-91.795
HOUSTON,MINNESOTA," LaCrosse - Eau Claire, WI - MN DMA",43.6745,-91.5014
UNION,TENNESSEE," Knoxville, TN - KY DMA",36.2996,-83.8313
SEVIER,TENNESSEE," Knoxville, TN - KY DMA",35.8034,-83.5126
SCOTT,TENNESSEE," Knoxville, TN - KY DMA",36.3837,-84.5112
ROANE,TENNESSEE," Knoxville, TN - KY DMA",35.8471,-84.5457
MORGAN,TENNESSEE," Knoxville, TN - KY DMA",36.1431,-84.6653
MONROE,TENNESSEE," Knoxville, TN - KY DMA",35.4386,-84.2156
LOUDON,TENNESSEE," Knoxville, TN - KY DMA",35.7566,-84.2886
KNOX,TENNESSEE," Knoxville, TN - KY DMA",35.9904,-83.8971
JEFFERSON,TENNESSEE," Knoxville, TN - KY DMA",36.0438,-83.4658
HANCOCK,TENNESSEE," Knoxville, TN - KY DMA",36.4929,-83.2626
HAMBLEN,TENNESSEE," Knoxville, TN - KY DMA",36.2136,-83.2706
GRAINGER,TENNESSEE," Knoxville, TN - KY DMA",36.2508,-83.5495
FENTRESS,TENNESSEE," Knoxville, TN - KY DMA",36.3575,-84.9266
CUMBERLAND,TENNESSEE," Knoxville, TN - KY DMA",35.9474,-84.9777
COCKE,TENNESSEE," Knoxville, TN - KY DMA",35.9497,-83.0951
CLAIBORNE,TENNESSEE," Knoxville, TN - KY DMA",36.4668,-83.6559
CAMPBELL,TENNESSEE," Knoxville, TN - KY DMA",36.3853,-84.1333
BLOUNT,TENNESSEE," Knoxville, TN - KY DMA",35.6773,-83.9095
ANDERSON,TENNESSEE," Knoxville, TN - KY DMA",36.1062,-84.2281
MCCREARY,KENTUCKY," Knoxville, TN - KY DMA",36.7781,-84.4911
HARLAN,KENTUCKY," Knoxville, TN - KY DMA",36.844,-83.2797
BELL,KENTUCKY," Knoxville, TN - KY DMA",36.7691,-83.6441
SALINE,MISSOURI," Kansas City, MO - KS DMA",39.1699,-93.1932
RAY,MISSOURI," Kansas City, MO - KS DMA",39.3318,-93.9855
PLATTE,MISSOURI," Kansas City, MO - KS DMA",39.3441,-94.7555
PETTIS,MISSOURI," Kansas City, MO - KS DMA",38.7213,-93.2813
LIVINGSTON,MISSOURI," Kansas City, MO - KS DMA",39.7889,-93.5615
LINN,MISSOURI," Kansas City, MO - KS DMA",39.8713,-93.1084
LAFAYETTE,MISSOURI," Kansas City, MO - KS DMA",39.1019,-93.7971
JOHNSON,MISSOURI," Kansas City, MO - KS DMA",38.7483,-93.8131
JACKSON,MISSOURI," Kansas City, MO - KS DMA",39.039,-94.3583
HENRY,MISSOURI," Kansas City, MO - KS DMA",38.3849,-93.7916
HARRISON,MISSOURI," Kansas City, MO - KS DMA",40.3566,-93.9891
GRUNDY,MISSOURI," Kansas City, MO - KS DMA",40.1149,-93.5655
GENTRY,MISSOURI," Kansas City, MO - KS DMA",40.2114,-94.4104
DAVIESS,MISSOURI," Kansas City, MO - KS DMA",39.9617,-93.9832
CLINTON,MISSOURI," Kansas City, MO - KS DMA",39.6007,-94.4041
CLAY,MISSOURI," Kansas City, MO - KS DMA",39.2858,-94.4063
CASS,MISSOURI," Kansas City, MO - KS DMA",38.6442,-94.364
CARROLL,MISSOURI," Kansas City, MO - KS DMA",39.4112,-93.4723
CALDWELL,MISSOURI," Kansas City, MO - KS DMA",39.6568,-93.9822
BATES,MISSOURI," Kansas City, MO - KS DMA",38.2475,-94.3433
WYANDOTTE,KANSAS," Kansas City, MO - KS DMA",39.0949,-94.7579
MIAMI,KANSAS," Kansas City, MO - KS DMA",38.5598,-94.8386
LINN,KANSAS," Kansas City, MO - KS DMA",38.2138,-94.8444
LEAVENWORTH,KANSAS," Kansas City, MO - KS DMA",39.1929,-95.0405
JOHNSON,KANSAS," Kansas City, MO - KS DMA",38.9038,-94.8319
FRANKLIN,KANSAS," Kansas City, MO - KS DMA",38.561,-95.2869
DOUGLAS,KANSAS," Kansas City, MO - KS DMA",38.8991,-95.2782
ATCHISON,KANSAS," Kansas City, MO - KS DMA",39.5364,-95.3379
ANDERSON,KANSAS," Kansas City, MO - KS DMA",38.2169,-95.2968
OTTAWA,OKLAHOMA," Joplin - Pittsburg, MO - KS - OK DMA",36.8405,-94.8089
VERNON,MISSOURI," Joplin - Pittsburg, MO - KS - OK DMA",37.8515,-94.3425
NEWTON,MISSOURI," Joplin - Pittsburg, MO - KS - OK DMA",36.9,-94.3411
MCDONALD,MISSOURI," Joplin - Pittsburg, MO - KS - OK DMA",36.6379,-94.3448
JASPER,MISSOURI," Joplin - Pittsburg, MO - KS - OK DMA",37.2065,-94.3365
BARTON,MISSOURI," Joplin - Pittsburg, MO - KS - OK DMA",37.502,-94.3471
WOODSON,KANSAS," Joplin - Pittsburg, MO - KS - OK DMA",37.8865,-95.7388
WILSON,KANSAS," Joplin - Pittsburg, MO - KS - OK DMA",37.5659,-95.7434
NEOSHO,KANSAS," Joplin - Pittsburg, MO - KS - OK DMA",37.5657,-95.3067
LABETTE,KANSAS," Joplin - Pittsburg, MO - KS - OK DMA",37.1903,-95.2979
CRAWFORD,KANSAS," Joplin - Pittsburg, MO - KS - OK DMA",37.5054,-94.8526
CHEROKEE,KANSAS," Joplin - Pittsburg, MO - KS - OK DMA",37.1699,-94.8463
BOURBON,KANSAS," Joplin - Pittsburg, MO - KS - OK DMA",37.8543,-94.8482
ALLEN,KANSAS," Joplin - Pittsburg, MO - KS - OK DMA",37.8864,-95.2995
SHARP,ARKANSAS," Jonesboro, AR - MO DMA",36.1977,-91.5126
RANDOLPH,ARKANSAS," Jonesboro, AR - MO DMA",36.3067,-91.005
LAWRENCE,ARKANSAS," Jonesboro, AR - MO DMA",36.0701,-91.0867
IZARD,ARKANSAS," Jonesboro, AR - MO DMA",36.0656,-91.8977
GREENE,ARKANSAS," Jonesboro, AR - MO DMA",36.1166,-90.5266
CRAIGHEAD,ARKANSAS," Jonesboro, AR - MO DMA",35.8474,-90.6602
CLAY,ARKANSAS," Jonesboro, AR - MO DMA",36.3498,-90.4135
SOMERSET,PENNSYLVANIA," Johnstown - Altoona, PA DMA",40.0088,-79.0398
JEFFERSON,PENNSYLVANIA," Johnstown - Altoona, PA DMA",41.1414,-79.005
HUNTINGDON,PENNSYLVANIA," Johnstown - Altoona, PA DMA",40.4023,-78.0489
FOREST,PENNSYLVANIA," Johnstown - Altoona, PA DMA",41.4862,-79.2354
ELK,PENNSYLVANIA," Johnstown - Altoona, PA DMA",41.4107,-78.757
CLEARFIELD,PENNSYLVANIA," Johnstown - Altoona, PA DMA",40.9898,-78.444
CENTRE,PENNSYLVANIA," Johnstown - Altoona, PA DMA",40.9728,-77.8043
CAMERON,PENNSYLVANIA," Johnstown - Altoona, PA DMA",41.4116,-78.2044
CAMBRIA,PENNSYLVANIA," Johnstown - Altoona, PA DMA",40.485,-78.7333
BLAIR,PENNSYLVANIA," Johnstown - Altoona, PA DMA",40.4934,-78.3483
BEDFORD,PENNSYLVANIA," Johnstown - Altoona, PA DMA",40.0255,-78.483
WARE,GEORGIA," Jacksonville, FL - Brunswick, GA DMA",31.0216,-82.3674
PIERCE,GEORGIA," Jacksonville, FL - Brunswick, GA DMA",31.3665,-82.2213
GLYNN,GEORGIA," Jacksonville, FL - Brunswick, GA DMA",31.2334,-81.5432
CHARLTON,GEORGIA," Jacksonville, FL - Brunswick, GA DMA",30.7162,-82.1044
CAMDEN,GEORGIA," Jacksonville, FL - Brunswick, GA DMA",30.9392,-81.677
BRANTLEY,GEORGIA," Jacksonville, FL - Brunswick, GA DMA",31.1925,-82.0272
UNION,FLORIDA," Jacksonville, FL - Brunswick, GA DMA",30.0316,-82.3844
ST. JOHNS,FLORIDA," Jacksonville, FL - Brunswick, GA DMA",29.9382,-81.4423
PUTNAM,FLORIDA," Jacksonville, FL - Brunswick, GA DMA",29.6056,-81.8327
NASSAU,FLORIDA," Jacksonville, FL - Brunswick, GA DMA",30.5521,-81.8734
DUVAL,FLORIDA," Jacksonville, FL - Brunswick, GA DMA",30.3866,-81.7798
COLUMBIA,FLORIDA," Jacksonville, FL - Brunswick, GA DMA",30.2096,-82.6264
CLAY,FLORIDA," Jacksonville, FL - Brunswick, GA DMA",29.9562,-81.8292
BRADFORD,FLORIDA," Jacksonville, FL - Brunswick, GA DMA",29.9315,-82.2143
BAKER,FLORIDA," Jacksonville, FL - Brunswick, GA DMA",30.3606,-82.3149
MADISON,TENNESSEE," Jackson, TN DMA",35.6097,-88.8422
HENDERSON,TENNESSEE," Jackson, TN DMA",35.6209,-88.4005
HARDIN,TENNESSEE," Jackson, TN DMA",35.2025,-88.1772
CARROLL,TENNESSEE," Jackson, TN DMA",35.9663,-88.4557
YAZOO,MISSISSIPPI," Jackson, MS DMA",32.7632,-90.36
WARREN,MISSISSIPPI," Jackson, MS DMA",32.349,-90.7914
WALTHALL,MISSISSIPPI," Jackson, MS DMA",31.1785,-90.1462
SMITH,MISSISSIPPI," Jackson, MS DMA",32.0031,-89.4883
SIMPSON,MISSISSIPPI," Jackson, MS DMA",31.9015,-89.9078
SHARKEY,MISSISSIPPI," Jackson, MS DMA",32.8801,-90.8212
SCOTT,MISSISSIPPI," Jackson, MS DMA",32.4277,-89.5348
RANKIN,MISSISSIPPI," Jackson, MS DMA",32.3185,-89.9417
PIKE,MISSISSIPPI," Jackson, MS DMA",31.175,-90.4044
MADISON,MISSISSIPPI," Jackson, MS DMA",32.6428,-90.0085
LINCOLN,MISSISSIPPI," Jackson, MS DMA",31.5277,-90.4389
LEAKE,MISSISSIPPI," Jackson, MS DMA",32.7544,-89.5243
LAWRENCE,MISSISSIPPI," Jackson, MS DMA",31.5426,-90.1104
JEFFERSON DAVIS,MISSISSIPPI," Jackson, MS DMA",31.5824,-89.8394
JEFFERSON,MISSISSIPPI," Jackson, MS DMA",31.7339,-91.025
ISSAQUENA,MISSISSIPPI," Jackson, MS DMA",32.7115,-91.0113
HUMPHREYS,MISSISSIPPI," Jackson, MS DMA",33.1263,-90.5253
HOLMES,MISSISSIPPI," Jackson, MS DMA",33.1279,-90.0729
HINDS,MISSISSIPPI," Jackson, MS DMA",32.3116,-90.4249
FRANKLIN,MISSISSIPPI," Jackson, MS DMA",31.4651,-90.8943
COPIAH,MISSISSIPPI," Jackson, MS DMA",31.8678,-90.4268
CLAIBORNE,MISSISSIPPI," Jackson, MS DMA",32.0085,-90.8996
ATTALA,MISSISSIPPI," Jackson, MS DMA",33.0829,-89.5725
ADAMS,MISSISSIPPI," Jackson, MS DMA",31.4734,-91.3366
WHITE,INDIANA," Indianapolis, IN DMA",40.7372,-86.9234
TIPTON,INDIANA," Indianapolis, IN DMA",40.3095,-86.0521
SHELBY,INDIANA," Indianapolis, IN DMA",39.5242,-85.7912
RUSH,INDIANA," Indianapolis, IN DMA",39.6214,-85.4664
RANDOLPH,INDIANA," Indianapolis, IN DMA",40.1599,-85.0115
PUTNAM,INDIANA," Indianapolis, IN DMA",39.6666,-86.8498
OWEN,INDIANA," Indianapolis, IN DMA",39.3203,-86.8697
MORGAN,INDIANA," Indianapolis, IN DMA",39.4884,-86.4692
MONTGOMERY,INDIANA," Indianapolis, IN DMA",40.0431,-86.894
MONROE,INDIANA," Indianapolis, IN DMA",39.1741,-86.5267
MIAMI,INDIANA," Indianapolis, IN DMA",40.7805,-86.0549
MARION,INDIANA," Indianapolis, IN DMA",39.7798,-86.1394
MADISON,INDIANA," Indianapolis, IN DMA",40.1589,-85.7193
LAWRENCE,INDIANA," Indianapolis, IN DMA",38.8406,-86.48
JOHNSON,INDIANA," Indianapolis, IN DMA",39.4828,-86.1012
HOWARD,INDIANA," Indianapolis, IN DMA",40.4698,-86.1192
HENRY,INDIANA," Indianapolis, IN DMA",39.9332,-85.3884
HENDRICKS,INDIANA," Indianapolis, IN DMA",39.7622,-86.5068
HANCOCK,INDIANA," Indianapolis, IN DMA",39.8222,-85.775
HAMILTON,INDIANA," Indianapolis, IN DMA",40.0846,-86.0524
GRANT,INDIANA," Indianapolis, IN DMA",40.5179,-85.655
FOUNTAIN,INDIANA," Indianapolis, IN DMA",40.1604,-87.2644
FAYETTE,INDIANA," Indianapolis, IN DMA",39.6562,-85.1677
DELAWARE,INDIANA," Indianapolis, IN DMA",40.2284,-85.3965
DECATUR,INDIANA," Indianapolis, IN DMA",39.2866,-85.4915
CLINTON,INDIANA," Indianapolis, IN DMA",40.3086,-86.4691
CASS,INDIANA," Indianapolis, IN DMA",40.7369,-86.3737
CARROLL,INDIANA," Indianapolis, IN DMA",40.5879,-86.5729
BROWN,INDIANA," Indianapolis, IN DMA",39.1969,-86.2264
BOONE,INDIANA," Indianapolis, IN DMA",40.0509,-86.4686
BLACKFORD,INDIANA," Indianapolis, IN DMA",40.4729,-85.3261
BENTON,INDIANA," Indianapolis, IN DMA",40.6037,-87.3111
BARTHOLOMEW,INDIANA," Indianapolis, IN DMA",39.1949,-85.8843
TETON,WYOMING," Idaho Falls - Pocatello, ID - WY DMA",43.9385,-110.5501
LINCOLN,WYOMING," Idaho Falls - Pocatello, ID - WY DMA",42.4553,-110.8185
TETON,IDAHO," Idaho Falls - Pocatello, ID - WY DMA",43.7265,-111.2233
POWER,IDAHO," Idaho Falls - Pocatello, ID - WY DMA",42.7221,-112.8182
MADISON,IDAHO," Idaho Falls - Pocatello, ID - WY DMA",43.7859,-111.6916
LEMHI,IDAHO," Idaho Falls - Pocatello, ID - WY DMA",44.9728,-114.0904
JEFFERSON,IDAHO," Idaho Falls - Pocatello, ID - WY DMA",43.8407,-112.3361
FREMONT,IDAHO," Idaho Falls - Pocatello, ID - WY DMA",44.3353,-111.4206
CUSTER,IDAHO," Idaho Falls - Pocatello, ID - WY DMA",44.228,-114.294
CLARK,IDAHO," Idaho Falls - Pocatello, ID - WY DMA",44.2738,-112.3331
CARIBOU,IDAHO," Idaho Falls - Pocatello, ID - WY DMA",42.7202,-111.5787
BUTTE,IDAHO," Idaho Falls - Pocatello, ID - WY DMA",43.7614,-113.0807
BONNEVILLE,IDAHO," Idaho Falls - Pocatello, ID - WY DMA",43.3324,-111.4337
BINGHAM,IDAHO," Idaho Falls - Pocatello, ID - WY DMA",43.2471,-112.2977
BANNOCK,IDAHO," Idaho Falls - Pocatello, ID - WY DMA",42.6408,-112.163
WAYNE,TENNESSEE," Huntsville - Decatur - Florence, AL - TN DMA",35.2527,-87.7805
LINCOLN,TENNESSEE," Huntsville - Decatur - Florence, AL - TN DMA",35.1805,-86.6012
MORGAN,ALABAMA," Huntsville - Decatur - Florence, AL - TN DMA",34.4947,-86.834
MARSHALL,ALABAMA," Huntsville - Decatur - Florence, AL - TN DMA",34.3531,-86.3454
MADISON,ALABAMA," Huntsville - Decatur - Florence, AL - TN DMA",34.7333,-86.5722
LIMESTONE,ALABAMA," Huntsville - Decatur - Florence, AL - TN DMA",34.7752,-87.0313
LAWRENCE,ALABAMA," Huntsville - Decatur - Florence, AL - TN DMA",34.5516,-87.3181
LAUDERDALE,ALABAMA," Huntsville - Decatur - Florence, AL - TN DMA",34.87,-87.5844
JACKSON,ALABAMA," Huntsville - Decatur - Florence, AL - TN DMA",34.7224,-86.0339
FRANKLIN,ALABAMA," Huntsville - Decatur - Florence, AL - TN DMA",34.4509,-87.844
DE KALB,ALABAMA," Huntsville - Decatur - Florence, AL - TN DMA",34.5306,-85.7226
COLBERT,ALABAMA," Huntsville - Decatur - Florence, AL - TN DMA",34.7368,-87.5953
WHARTON,TEXAS," Houston, TX DMA",29.299,-96.221
WASHINGTON,TEXAS," Houston, TX DMA",30.2215,-96.4299
WALLER,TEXAS," Houston, TX DMA",29.9884,-95.9999
WALKER,TEXAS," Houston, TX DMA",30.795,-95.5934
SAN JACINTO,TEXAS," Houston, TX DMA",30.6136,-95.1783
POLK,TEXAS," Houston, TX DMA",30.8186,-94.897
MONTGOMERY,TEXAS," Houston, TX DMA",30.3293,-95.5146
MATAGORDA,TEXAS," Houston, TX DMA",28.8246,-95.9122
LIBERTY,TEXAS," Houston, TX DMA",30.1848,-94.8629
JACKSON,TEXAS," Houston, TX DMA",28.9696,-96.562
HARRIS,TEXAS," Houston, TX DMA",29.8346,-95.389
GRIMES,TEXAS," Houston, TX DMA",30.5451,-95.9916
GALVESTON,TEXAS," Houston, TX DMA",29.3824,-95.0331
FORT BEND,TEXAS," Houston, TX DMA",29.5257,-95.746
COLORADO,TEXAS," Houston, TX DMA",29.6055,-96.5236
CHAMBERS,TEXAS," Houston, TX DMA",29.7071,-94.5223
CALHOUN,TEXAS," Houston, TX DMA",28.5138,-96.695
BRAZORIA,TEXAS," Houston, TX DMA",29.2123,-95.5313
AUSTIN,TEXAS," Houston, TX DMA",29.8495,-96.275
MAUI,HAWAII," Honolulu, HI DMA",20.8031,-156.3111
KAUAI,HAWAII," Honolulu, HI DMA",22.0505,-159.559
HONOLULU,HAWAII," Honolulu, HI DMA",21.484,-158.0381
HAWAII,HAWAII," Honolulu, HI DMA",19.591,-155.4494
LEWIS AND CLARK,MONTANA," Helena, MT DMA",47.1899,-112.5344
WAYNE,MISSISSIPPI," Hattiesburg - Laurel, MS DMA",31.6674,-88.7028
PERRY,MISSISSIPPI," Hattiesburg - Laurel, MS DMA",31.1715,-88.9932
MARION,MISSISSIPPI," Hattiesburg - Laurel, MS DMA",31.2157,-89.8428
LAMAR,MISSISSIPPI," Hattiesburg - Laurel, MS DMA",31.2074,-89.5011
JONES,MISSISSIPPI," Hattiesburg - Laurel, MS DMA",31.6287,-89.1716
JASPER,MISSISSIPPI," Hattiesburg - Laurel, MS DMA",32.0105,-89.1173
FORREST,MISSISSIPPI," Hattiesburg - Laurel, MS DMA",31.1689,-89.2472
COVINGTON,MISSISSIPPI," Hattiesburg - Laurel, MS DMA",31.6192,-89.578
WINDHAM,CONNECTICUT," Hartford & New Haven, CT DMA",41.8325,-71.9791
TOLLAND,CONNECTICUT," Hartford & New Haven, CT DMA",41.8184,-72.5714
NEW LONDON,CONNECTICUT," Hartford & New Haven, CT DMA",41.4966,-71.9364
NEW HAVEN,CONNECTICUT," Hartford & New Haven, CT DMA",41.4087,-72.9095
MIDDLESEX,CONNECTICUT," Hartford & New Haven, CT DMA",41.4527,-72.5231
LITCHFIELD,CONNECTICUT," Hartford & New Haven, CT DMA",41.7615,-73.2599
HARTFORD,CONNECTICUT," Hartford & New Haven, CT DMA",41.7924,-72.744
PENDLETON,WEST VIRGINIA," Harrisonburg, VA - WV DMA",38.6854,-79.3411
ROCKINGHAM,VIRGINIA," Harrisonburg, VA - WV DMA",38.5292,-78.9401
HARRISONBURG,VIRGINIA," Harrisonburg, VA - WV DMA",38.4398,-78.8702
AUGUSTA,VIRGINIA," Harrisonburg, VA - WV DMA",38.1803,-79.3064
YORK,PENNSYLVANIA," Harrisburg - Lancaster - Lebanon - York, PA DMA",39.9734,-76.7442
PERRY,PENNSYLVANIA," Harrisburg - Lancaster - Lebanon - York, PA DMA",40.407,-77.2688
MIFFLIN,PENNSYLVANIA," Harrisburg - Lancaster - Lebanon - York, PA DMA",40.6034,-77.6476
LEBANON,PENNSYLVANIA," Harrisburg - Lancaster - Lebanon - York, PA DMA",40.3762,-76.4439
LANCASTER,PENNSYLVANIA," Harrisburg - Lancaster - Lebanon - York, PA DMA",40.0187,-76.2339
JUNIATA,PENNSYLVANIA," Harrisburg - Lancaster - Lebanon - York, PA DMA",40.4791,-77.5026
DAUPHIN,PENNSYLVANIA," Harrisburg - Lancaster - Lebanon - York, PA DMA",40.3906,-76.8372
CUMBERLAND,PENNSYLVANIA," Harrisburg - Lancaster - Lebanon - York, PA DMA",40.1368,-77.3185
ADAMS,PENNSYLVANIA," Harrisburg - Lancaster - Lebanon - York, PA DMA",39.8953,-77.2259
WILLACY,TEXAS," Harlingen - Weslaco - Brownsville - McAllen, TX DMA",26.4556,-97.7389
STARR,TEXAS," Harlingen - Weslaco - Brownsville - McAllen, TX DMA",26.5105,-98.7859
HIDALGO,TEXAS," Harlingen - Weslaco - Brownsville - McAllen, TX DMA",26.3986,-98.1887
CAMERON,TEXAS," Harlingen - Weslaco - Brownsville - McAllen, TX DMA",26.1073,-97.5787
WASHINGTON,MISSISSIPPI," Greenwood - Greenville, MS DMA",33.2697,-90.8805
TALLAHATCHIE,MISSISSIPPI," Greenwood - Greenville, MS DMA",33.9322,-90.1881
SUNFLOWER,MISSISSIPPI," Greenwood - Greenville, MS DMA",33.6292,-90.5554
LEFLORE,MISSISSIPPI," Greenwood - Greenville, MS DMA",33.5228,-90.2772
GRENADA,MISSISSIPPI," Greenwood - Greenville, MS DMA",33.7834,-89.8219
CARROLL,MISSISSIPPI," Greenwood - Greenville, MS DMA",33.4438,-89.9616
BOLIVAR,MISSISSIPPI," Greenwood - Greenville, MS DMA",33.8258,-90.8562
CHICOT,ARKANSAS," Greenwood - Greenville, MS DMA",33.2843,-91.295
UNION,SOUTH CAROLINA," Greenville - Spartanburg, SC- Asheville - And., NC - GA  DMA",34.6789,-81.6396
SPARTANBURG,SOUTH CAROLINA," Greenville - Spartanburg, SC- Asheville - And., NC - GA  DMA",34.8864,-81.9815
PICKENS,SOUTH CAROLINA," Greenville - Spartanburg, SC- Asheville - And., NC - GA  DMA",34.8536,-82.6924
OCONEE,SOUTH CAROLINA," Greenville - Spartanburg, SC- Asheville - And., NC - GA  DMA",34.7647,-83.1063
LAURENS,SOUTH CAROLINA," Greenville - Spartanburg, SC- Asheville - And., NC - GA  DMA",34.4974,-81.982
GREENWOOD,SOUTH CAROLINA," Greenville - Spartanburg, SC- Asheville - And., NC - GA  DMA",34.1825,-82.0799
GREENVILLE,SOUTH CAROLINA," Greenville - Spartanburg, SC- Asheville - And., NC - GA  DMA",34.8506,-82.3557
CHEROKEE,SOUTH CAROLINA," Greenville - Spartanburg, SC- Asheville - And., NC - GA  DMA",35.0121,-81.6338
ANDERSON,SOUTH CAROLINA," Greenville - Spartanburg, SC- Asheville - And., NC - GA  DMA",34.5146,-82.6588
ABBEVILLE,SOUTH CAROLINA," Greenville - Spartanburg, SC- Asheville - And., NC - GA  DMA",34.2476,-82.474
YANCEY,NORTH CAROLINA," Greenville - Spartanburg, SC- Asheville - And., NC - GA  DMA",35.8917,-82.2975
TRANSYLVANIA,NORTH CAROLINA," Greenville - Spartanburg, SC- Asheville - And., NC - GA  DMA",35.2253,-82.7697
SWAIN,NORTH CAROLINA," Greenville - Spartanburg, SC- Asheville - And., NC - GA  DMA",35.4872,-83.5969
RUTHERFORD,NORTH CAROLINA," Greenville - Spartanburg, SC- Asheville - And., NC - GA  DMA",35.3967,-81.9147
POLK,NORTH CAROLINA," Greenville - Spartanburg, SC- Asheville - And., NC - GA  DMA",35.2971,-82.1763
MITCHELL,NORTH CAROLINA," Greenville - Spartanburg, SC- Asheville - And., NC - GA  DMA",35.9917,-82.1267
MCDOWELL,NORTH CAROLINA," Greenville - Spartanburg, SC- Asheville - And., NC - GA  DMA",35.7389,-82.0433
MADISON,NORTH CAROLINA," Greenville - Spartanburg, SC- Asheville - And., NC - GA  DMA",35.8721,-82.6653
MACON,NORTH CAROLINA," Greenville - Spartanburg, SC- Asheville - And., NC - GA  DMA",35.1625,-83.4796
JACKSON,NORTH CAROLINA," Greenville - Spartanburg, SC- Asheville - And., NC - GA  DMA",35.2632,-83.1162
HENDERSON,NORTH CAROLINA," Greenville - Spartanburg, SC- Asheville - And., NC - GA  DMA",35.3228,-82.4741
HAYWOOD,NORTH CAROLINA," Greenville - Spartanburg, SC- Asheville - And., NC - GA  DMA",35.5419,-82.9658
GRAHAM,NORTH CAROLINA," Greenville - Spartanburg, SC- Asheville - And., NC - GA  DMA",35.342,-83.8333
BUNCOMBE,NORTH CAROLINA," Greenville - Spartanburg, SC- Asheville - And., NC - GA  DMA",35.6207,-82.5391
STEPHENS,GEORGIA," Greenville - Spartanburg, SC- Asheville - And., NC - GA  DMA",34.5742,-83.2794
HART,GEORGIA," Greenville - Spartanburg, SC- Asheville - And., NC - GA  DMA",34.3518,-82.9594
FRANKLIN,GEORGIA," Greenville - Spartanburg, SC- Asheville - And., NC - GA  DMA",34.3836,-83.2429
ELBERT,GEORGIA," Greenville - Spartanburg, SC- Asheville - And., NC - GA  DMA",34.1232,-82.8596
WASHINGTON,NORTH CAROLINA," Greenville - New Bern - Washington, NC DMA",35.8405,-76.5773
TYRRELL,NORTH CAROLINA," Greenville - New Bern - Washington, NC DMA",35.7969,-76.2575
PITT,NORTH CAROLINA," Greenville - New Bern - Washington, NC DMA",35.5808,-77.3685
PAMLICO,NORTH CAROLINA," Greenville - New Bern - Washington, NC DMA",35.1476,-76.8618
ONSLOW,NORTH CAROLINA," Greenville - New Bern - Washington, NC DMA",34.7213,-77.2486
MARTIN,NORTH CAROLINA," Greenville - New Bern - Washington, NC DMA",35.8669,-77.195
LENOIR,NORTH CAROLINA," Greenville - New Bern - Washington, NC DMA",35.2179,-77.6761
JONES,NORTH CAROLINA," Greenville - New Bern - Washington, NC DMA",35.0101,-77.4145
HYDE,NORTH CAROLINA," Greenville - New Bern - Washington, NC DMA",35.5164,-76.2309
GREENE,NORTH CAROLINA," Greenville - New Bern - Washington, NC DMA",35.4999,-77.6675
DUPLIN,NORTH CAROLINA," Greenville - New Bern - Washington, NC DMA",34.951,-77.9078
CRAVEN,NORTH CAROLINA," Greenville - New Bern - Washington, NC DMA",35.2382,-77.1841
CARTERET,NORTH CAROLINA," Greenville - New Bern - Washington, NC DMA",34.8384,-76.6488
BERTIE,NORTH CAROLINA," Greenville - New Bern - Washington, NC DMA",36.03,-76.985
BEAUFORT,NORTH CAROLINA," Greenville - New Bern - Washington, NC DMA",35.4781,-76.6975
PATRICK,VIRGINIA," Greensboro - H.Point - W.Salem, NC - VA DMA",36.7075,-80.274
GRAYSON,VIRGINIA," Greensboro - H.Point - W.Salem, NC - VA DMA",36.6833,-81.2368
YADKIN,NORTH CAROLINA," Greensboro - H.Point - W.Salem, NC - VA DMA",36.1664,-80.657
WILKES,NORTH CAROLINA," Greensboro - H.Point - W.Salem, NC - VA DMA",36.2151,-81.1701
SURRY,NORTH CAROLINA," Greensboro - H.Point - W.Salem, NC - VA DMA",36.4,-80.7065
STOKES,NORTH CAROLINA," Greensboro - H.Point - W.Salem, NC - VA DMA",36.409,-80.2393
ROCKINGHAM,NORTH CAROLINA," Greensboro - H.Point - W.Salem, NC - VA DMA",36.3943,-79.7777
RANDOLPH,NORTH CAROLINA," Greensboro - H.Point - W.Salem, NC - VA DMA",35.7161,-79.8027
MONTGOMERY,NORTH CAROLINA," Greensboro - H.Point - W.Salem, NC - VA DMA",35.3237,-79.8985
GUILFORD,NORTH CAROLINA," Greensboro - H.Point - W.Salem, NC - VA DMA",36.0738,-79.7901
FORSYTH,NORTH CAROLINA," Greensboro - H.Point - W.Salem, NC - VA DMA",36.1176,-80.2522
DAVIE,NORTH CAROLINA," Greensboro - H.Point - W.Salem, NC - VA DMA",35.9021,-80.5375
DAVIDSON,NORTH CAROLINA," Greensboro - H.Point - W.Salem, NC - VA DMA",35.7656,-80.2531
CASWELL,NORTH CAROLINA," Greensboro - H.Point - W.Salem, NC - VA DMA",36.3928,-79.3352
ALLEGHANY,NORTH CAROLINA," Greensboro - H.Point - W.Salem, NC - VA DMA",36.4705,-81.1261
ALAMANCE,NORTH CAROLINA," Greensboro - H.Point - W.Salem, NC - VA DMA",36.0473,-79.4006
WINNEBAGO,WISCONSIN," Green Bay - Appleton, WI - MI DMA",44.0677,-88.6452
WAUSHARA,WISCONSIN," Green Bay - Appleton, WI - MI DMA",44.1173,-89.2418
WAUPACA,WISCONSIN," Green Bay - Appleton, WI - MI DMA",44.4525,-88.9801
SHAWANO,WISCONSIN," Green Bay - Appleton, WI - MI DMA",44.8071,-88.7375
OUTAGAMIE,WISCONSIN," Green Bay - Appleton, WI - MI DMA",44.419,-88.4637
OCONTO,WISCONSIN," Green Bay - Appleton, WI - MI DMA",45.0268,-88.3037
MENOMINEE,WISCONSIN," Green Bay - Appleton, WI - MI DMA",44.9899,-88.7347
MARINETTE,WISCONSIN," Green Bay - Appleton, WI - MI DMA",45.382,-88.1503
MANITOWOC,WISCONSIN," Green Bay - Appleton, WI - MI DMA",44.1103,-87.8415
KEWAUNEE,WISCONSIN," Green Bay - Appleton, WI - MI DMA",44.5033,-87.6245
GREEN LAKE,WISCONSIN," Green Bay - Appleton, WI - MI DMA",43.8078,-89.0268
FOND DU LAC,WISCONSIN," Green Bay - Appleton, WI - MI DMA",43.7377,-88.5229
DOOR,WISCONSIN," Green Bay - Appleton, WI - MI DMA",44.9881,-87.267
CALUMET,WISCONSIN," Green Bay - Appleton, WI - MI DMA",44.0612,-88.2235
BROWN,WISCONSIN," Green Bay - Appleton, WI - MI DMA",44.4646,-87.9779
MENOMINEE,MICHIGAN," Green Bay - Appleton, WI - MI DMA",45.5419,-87.5359
VALLEY,MONTANA," Great Falls, MT DMA",48.3347,-106.5325
TOOLE,MONTANA," Great Falls, MT DMA",48.6175,-111.7313
TETON,MONTANA," Great Falls, MT DMA",47.8179,-112.1627
PONDERA,MONTANA," Great Falls, MT DMA",48.2343,-112.4465
PHILLIPS,MONTANA," Great Falls, MT DMA",48.229,-107.8905
LIBERTY,MONTANA," Great Falls, MT DMA",48.5739,-111.0115
JUDITH BASIN,MONTANA," Great Falls, MT DMA",47.0311,-110.2006
HILL,MONTANA," Great Falls, MT DMA",48.5696,-110.1276
GLACIER,MONTANA," Great Falls, MT DMA",48.6561,-112.9653
FERGUS,MONTANA," Great Falls, MT DMA",47.2602,-109.3598
CHOUTEAU,MONTANA," Great Falls, MT DMA",47.8648,-110.474
CASCADE,MONTANA," Great Falls, MT DMA",47.266,-111.4165
BLAINE,MONTANA," Great Falls, MT DMA",48.3646,-108.9651
VAN BUREN,MICHIGAN," Grand Rapids - Kalamazoo - Battle Creek, MI DMA",42.2457,-86.0643
ST JOSEPH,MICHIGAN," Grand Rapids - Kalamazoo - Battle Creek, MI DMA",41.9159,-85.5264
OTTAWA,MICHIGAN," Grand Rapids - Kalamazoo - Battle Creek, MI DMA",42.9875,-86.0057
OCEANA,MICHIGAN," Grand Rapids - Kalamazoo - Battle Creek, MI DMA",43.6446,-86.2899
NEWAYGO,MICHIGAN," Grand Rapids - Kalamazoo - Battle Creek, MI DMA",43.5559,-85.8011
MUSKEGON,MICHIGAN," Grand Rapids - Kalamazoo - Battle Creek, MI DMA",43.2957,-86.2106
MONTCALM,MICHIGAN," Grand Rapids - Kalamazoo - Battle Creek, MI DMA",43.2932,-85.079
KENT,MICHIGAN," Grand Rapids - Kalamazoo - Battle Creek, MI DMA",43.0341,-85.5504
KALAMAZOO,MICHIGAN," Grand Rapids - Kalamazoo - Battle Creek, MI DMA",42.2469,-85.5315
IONIA,MICHIGAN," Grand Rapids - Kalamazoo - Battle Creek, MI DMA",42.9458,-85.0748
CALHOUN,MICHIGAN," Grand Rapids - Kalamazoo - Battle Creek, MI DMA",42.2445,-85.0069
BRANCH,MICHIGAN," Grand Rapids - Kalamazoo - Battle Creek, MI DMA",41.9159,-85.0588
BARRY,MICHIGAN," Grand Rapids - Kalamazoo - Battle Creek, MI DMA",42.595,-85.3093
ALLEGAN,MICHIGAN," Grand Rapids - Kalamazoo - Battle Creek, MI DMA",42.5942,-85.8847
MONTROSE,COLORADO," Grand Junction - Montrose, CO DMA",38.4125,-108.2803
MESA,COLORADO," Grand Junction - Montrose, CO DMA",38.9347,-108.5839
DOLORES,COLORADO," Grand Junction - Montrose, CO DMA",37.6906,-108.5063
PRAIRIE,MONTANA," Glendive, MT DMA",46.8682,-105.5572
FALLON,MONTANA," Glendive, MT DMA",46.2947,-104.4655
DAWSON,MONTANA," Glendive, MT DMA",47.3283,-104.9234
LEVY,FLORIDA," Gainesville, FL DMA",29.2967,-82.749
GILCHRIST,FLORIDA," Gainesville, FL DMA",29.749,-82.7979
DIXIE,FLORIDA," Gainesville, FL DMA",29.5671,-83.1715
ALACHUA,FLORIDA," Gainesville, FL DMA",29.6809,-82.3552
VAN WERT,OHIO," Ft. Wayne, IN - OH DMA",40.8382,-84.5713
PAULDING,OHIO," Ft. Wayne, IN - OH DMA",41.1216,-84.5727
WHITLEY,INDIANA," Ft. Wayne, IN - OH DMA",41.1483,-85.5122
WELLS,INDIANA," Ft. Wayne, IN - OH DMA",40.7426,-85.2027
WABASH,INDIANA," Ft. Wayne, IN - OH DMA",40.8493,-85.7919
STEUBEN,INDIANA," Ft. Wayne, IN - OH DMA",41.6431,-85.0003
NOBLE,INDIANA," Ft. Wayne, IN - OH DMA",41.402,-85.4233
JAY,INDIANA," Ft. Wayne, IN - OH DMA",40.4373,-85.0053
HUNTINGTON,INDIANA," Ft. Wayne, IN - OH DMA",40.8297,-85.4885
DE KALB,INDIANA," Ft. Wayne, IN - OH DMA",41.4015,-84.9986
ALLEN,INDIANA," Ft. Wayne, IN - OH DMA",41.0968,-85.0703
ADAMS,INDIANA," Ft. Wayne, IN - OH DMA",40.7462,-84.9366
SEQUOYAH,OKLAHOMA," Ft. Smith - Fay - Springdale - Rogers, AR - OK DMA",35.4655,-94.7664
LE FLORE,OKLAHOMA," Ft. Smith - Fay - Springdale - Rogers, AR - OK DMA",34.9461,-94.6876
WASHINGTON,ARKANSAS," Ft. Smith - Fay - Springdale - Rogers, AR - OK DMA",35.9952,-94.2401
SEBASTIAN,ARKANSAS," Ft. Smith - Fay - Springdale - Rogers, AR - OK DMA",35.1908,-94.2342
SCOTT,ARKANSAS," Ft. Smith - Fay - Springdale - Rogers, AR - OK DMA",34.8835,-94.0785
MADISON,ARKANSAS," Ft. Smith - Fay - Springdale - Rogers, AR - OK DMA",36.0208,-93.6975
LOGAN,ARKANSAS," Ft. Smith - Fay - Springdale - Rogers, AR - OK DMA",35.2226,-93.6541
FRANKLIN,ARKANSAS," Ft. Smith - Fay - Springdale - Rogers, AR - OK DMA",35.4872,-93.8748
CRAWFORD,ARKANSAS," Ft. Smith - Fay - Springdale - Rogers, AR - OK DMA",35.5652,-94.242
BENTON,ARKANSAS," Ft. Smith - Fay - Springdale - Rogers, AR - OK DMA",36.2992,-94.2275
LEE,FLORIDA," Ft. Myers - Naples, FL DMA",26.5436,-81.7444
HENDRY,FLORIDA," Ft. Myers - Naples, FL DMA",26.6046,-81.2253
GLADES,FLORIDA," Ft. Myers - Naples, FL DMA",26.9796,-81.2237
DE SOTO,FLORIDA," Ft. Myers - Naples, FL DMA",27.1854,-81.8097
COLLIER,FLORIDA," Ft. Myers - Naples, FL DMA",26.1608,-81.3445
CHARLOTTE,FLORIDA," Ft. Myers - Naples, FL DMA",26.9023,-81.8292
TULARE,CALIFORNIA," Fresno - Visalia, CA DMA",36.2683,-118.8232
MERCED,CALIFORNIA," Fresno - Visalia, CA DMA",37.1882,-120.609
MARIPOSA,CALIFORNIA," Fresno - Visalia, CA DMA",37.5466,-119.9593
MADERA,CALIFORNIA," Fresno - Visalia, CA DMA",37.2724,-119.6358
KINGS,CALIFORNIA," Fresno - Visalia, CA DMA",36.1391,-119.7718
FRESNO,CALIFORNIA," Fresno - Visalia, CA DMA",36.7515,-119.6373
MARLBORO,SOUTH CAROLINA," Florence - Myrtle Beach, SC - NC DMA",34.5517,-79.6565
MARION,SOUTH CAROLINA," Florence - Myrtle Beach, SC - NC DMA",33.998,-79.4223
HORRY,SOUTH CAROLINA," Florence - Myrtle Beach, SC - NC DMA",33.9375,-78.9789
FLORENCE,SOUTH CAROLINA," Florence - Myrtle Beach, SC - NC DMA",34.0421,-79.7528
DILLON,SOUTH CAROLINA," Florence - Myrtle Beach, SC - NC DMA",34.4306,-79.3928
DARLINGTON,SOUTH CAROLINA," Florence - Myrtle Beach, SC - NC DMA",34.3107,-79.913
SCOTLAND,NORTH CAROLINA," Florence - Myrtle Beach, SC - NC DMA",34.8371,-79.484
ROBESON,NORTH CAROLINA," Florence - Myrtle Beach, SC - NC DMA",34.6272,-79.1436
TUSCOLA,MICHIGAN," Flint - Saginaw - Bay City, MI DMA",43.4682,-83.4035
SHIAWASSEE,MICHIGAN," Flint - Saginaw - Bay City, MI DMA",42.9544,-84.1478
SAGINAW,MICHIGAN," Flint - Saginaw - Bay City, MI DMA",43.3527,-84.034
OGEMAW,MICHIGAN," Flint - Saginaw - Bay City, MI DMA",44.3354,-84.1265
MIDLAND,MICHIGAN," Flint - Saginaw - Bay City, MI DMA",43.6591,-84.3874
ISABELLA,MICHIGAN," Flint - Saginaw - Bay City, MI DMA",43.6469,-84.8472
IOSCO,MICHIGAN," Flint - Saginaw - Bay City, MI DMA",44.3368,-83.6086
HURON,MICHIGAN," Flint - Saginaw - Bay City, MI DMA",43.8695,-83.0013
GRATIOT,MICHIGAN," Flint - Saginaw - Bay City, MI DMA",43.2922,-84.6049
GLADWIN,MICHIGAN," Flint - Saginaw - Bay City, MI DMA",43.9866,-84.3862
GENESEE,MICHIGAN," Flint - Saginaw - Bay City, MI DMA",43.0083,-83.6933
BAY,MICHIGAN," Flint - Saginaw - Bay City, MI DMA",43.7384,-84.0552
ARENAC,MICHIGAN," Flint - Saginaw - Bay City, MI DMA",44.0369,-83.9226
WALSH,NORTH DAKOTA," Fargo - Valley City, ND - MN DMA",48.3689,-97.7238
TRAILL,NORTH DAKOTA," Fargo - Valley City, ND - MN DMA",47.4553,-97.1645
TOWNER,NORTH DAKOTA," Fargo - Valley City, ND - MN DMA",48.6677,-99.2317
STUTSMAN,NORTH DAKOTA," Fargo - Valley City, ND - MN DMA",46.9802,-98.957
STEELE,NORTH DAKOTA," Fargo - Valley City, ND - MN DMA",47.4605,-97.7296
SARGENT,NORTH DAKOTA," Fargo - Valley City, ND - MN DMA",46.109,-97.6335
RICHLAND,NORTH DAKOTA," Fargo - Valley City, ND - MN DMA",46.2843,-96.9388
RANSOM,NORTH DAKOTA," Fargo - Valley City, ND - MN DMA",46.4568,-97.6572
RAMSEY,NORTH DAKOTA," Fargo - Valley City, ND - MN DMA",48.2281,-98.7462
PEMBINA,NORTH DAKOTA," Fargo - Valley City, ND - MN DMA",48.7706,-97.5505
NELSON,NORTH DAKOTA," Fargo - Valley City, ND - MN DMA",47.9367,-98.2038
LA MOURE,NORTH DAKOTA," Fargo - Valley City, ND - MN DMA",46.4568,-98.5357
GRIGGS,NORTH DAKOTA," Fargo - Valley City, ND - MN DMA",47.4711,-98.2427
GRAND FORKS,NORTH DAKOTA," Fargo - Valley City, ND - MN DMA",47.9349,-97.4592
FOSTER,NORTH DAKOTA," Fargo - Valley City, ND - MN DMA",47.457,-98.8831
EDDY,NORTH DAKOTA," Fargo - Valley City, ND - MN DMA",47.7184,-98.9114
DICKEY,NORTH DAKOTA," Fargo - Valley City, ND - MN DMA",46.1117,-98.5056
CAVALIER,NORTH DAKOTA," Fargo - Valley City, ND - MN DMA",48.7761,-98.4753
CASS,NORTH DAKOTA," Fargo - Valley City, ND - MN DMA",46.9355,-97.2363
BENSON,NORTH DAKOTA," Fargo - Valley City, ND - MN DMA",48.1094,-99.4802
BARNES,NORTH DAKOTA," Fargo - Valley City, ND - MN DMA",46.9407,-98.0604
WILKIN,MINNESOTA," Fargo - Valley City, ND - MN DMA",46.3271,-96.4431
ROSEAU,MINNESOTA," Fargo - Valley City, ND - MN DMA",48.7711,-95.7474
RED LAKE,MINNESOTA," Fargo - Valley City, ND - MN DMA",47.8625,-96.0957
POLK,MINNESOTA," Fargo - Valley City, ND - MN DMA",47.8374,-96.6696
PENNINGTON,MINNESOTA," Fargo - Valley City, ND - MN DMA",48.0653,-96.0466
OTTER TAIL,MINNESOTA," Fargo - Valley City, ND - MN DMA",46.411,-95.718
NORMAN,MINNESOTA," Fargo - Valley City, ND - MN DMA",47.3253,-96.4513
MARSHALL,MINNESOTA," Fargo - Valley City, ND - MN DMA",48.359,-96.3698
MAHNOMEN,MINNESOTA," Fargo - Valley City, ND - MN DMA",47.327,-95.809
LAKE OF WOODS,MINNESOTA," Fargo - Valley City, ND - MN DMA",,
KITTSON,MINNESOTA," Fargo - Valley City, ND - MN DMA",48.7724,-96.7786
CLEARWATER,MINNESOTA," Fargo - Valley City, ND - MN DMA",47.5919,-95.3691
CLAY,MINNESOTA," Fargo - Valley City, ND - MN DMA",46.8912,-96.4728
BECKER,MINNESOTA," Fargo - Valley City, ND - MN DMA",46.9277,-95.6682
WEBSTER,KENTUCKY," Evansville, IN - IL - KY DMA",37.4948,-87.7015
UNION,KENTUCKY," Evansville, IN - IL - KY DMA",37.6855,-87.9466
OHIO,KENTUCKY," Evansville, IN - IL - KY DMA",37.4755,-86.8745
MUHLENBERG,KENTUCKY," Evansville, IN - IL - KY DMA",37.2285,-87.1373
MCLEAN,KENTUCKY," Evansville, IN - IL - KY DMA",37.5321,-87.2117
HOPKINS,KENTUCKY," Evansville, IN - IL - KY DMA",37.3381,-87.5846
HENDERSON,KENTUCKY," Evansville, IN - IL - KY DMA",37.8072,-87.5774
HANCOCK,KENTUCKY," Evansville, IN - IL - KY DMA",37.8268,-86.7573
DAVIESS,KENTUCKY," Evansville, IN - IL - KY DMA",37.7459,-87.0688
WARRICK,INDIANA," Evansville, IN - IL - KY DMA",38.062,-87.2847
VANDERBURGH,INDIANA," Evansville, IN - IL - KY DMA",37.9993,-87.5741
SPENCER,INDIANA," Evansville, IN - IL - KY DMA",37.9945,-87.0107
POSEY,INDIANA," Evansville, IN - IL - KY DMA",38.0025,-87.8613
PIKE,INDIANA," Evansville, IN - IL - KY DMA",38.3898,-87.2403
PERRY,INDIANA," Evansville, IN - IL - KY DMA",38.0538,-86.6108
GIBSON,INDIANA," Evansville, IN - IL - KY DMA",38.3499,-87.5678
DUBOIS,INDIANA," Evansville, IN - IL - KY DMA",38.3651,-86.8769
WHITE,ILLINOIS," Evansville, IN - IL - KY DMA",38.0724,-88.1691
WAYNE,ILLINOIS," Evansville, IN - IL - KY DMA",38.4333,-88.4237
WABASH,ILLINOIS," Evansville, IN - IL - KY DMA",38.4039,-87.8596
EDWARDS,ILLINOIS," Evansville, IN - IL - KY DMA",38.4138,-88.0564
HUMBOLDT,CALIFORNIA," Eureka, CA DMA",40.7376,-123.8951
DEL NORTE,CALIFORNIA," Eureka, CA DMA",41.6916,-123.9049
LANE,OREGON," Eugene, OR DMA",43.8651,-122.7483
DOUGLAS,OREGON," Eugene, OR DMA",43.324,-122.8891
COOS,OREGON," Eugene, OR DMA",43.1398,-124.0606
BENTON,OREGON," Eugene, OR DMA",44.4993,-123.4045
WARREN,PENNSYLVANIA," Erie, PA DMA",41.7989,-79.2812
ERIE,PENNSYLVANIA," Erie, PA DMA",42.0598,-80.0158
CRAWFORD,PENNSYLVANIA," Erie, PA DMA",41.6678,-80.0661
TIOGA,PENNSYLVANIA," Elmira, NY - PA DMA",41.7702,-77.2503
STEUBEN,NEW YORK," Elmira, NY - PA DMA",42.2995,-77.4184
SCHUYLER,NEW YORK," Elmira, NY - PA DMA",42.3922,-76.8958
CHEMUNG,NEW YORK," Elmira, NY - PA DMA",42.1465,-76.7623
HUDSPETH,TEXAS," El Paso, TX - NM DMA",31.3165,-105.4233
EL PASO,TEXAS," El Paso, TX - NM DMA",31.6952,-106.1718
CULBERSON,TEXAS," El Paso, TX - NM DMA",31.3019,-104.4978
DONA ANA,NEW MEXICO," El Paso, TX - NM DMA",32.4252,-106.8378
WASHBURN,WISCONSIN," Duluth - Superior, MN - MI - WI DMA",45.9017,-91.7871
SAWYER,WISCONSIN," Duluth - Superior, MN - MI - WI DMA",45.902,-91.1097
IRON,WISCONSIN," Duluth - Superior, MN - MI - WI DMA",46.287,-90.2401
DOUGLAS,WISCONSIN," Duluth - Superior, MN - MI - WI DMA",46.4537,-91.9223
BAYFIELD,WISCONSIN," Duluth - Superior, MN - MI - WI DMA",46.5601,-91.2402
ASHLAND,WISCONSIN," Duluth - Superior, MN - MI - WI DMA",46.3491,-90.7366
ST LOUIS,MINNESOTA," Duluth - Superior, MN - MI - WI DMA",47.6532,-92.4287
LAKE,MINNESOTA," Duluth - Superior, MN - MI - WI DMA",47.5746,-91.4059
KOOCHICHING,MINNESOTA," Duluth - Superior, MN - MI - WI DMA",48.3081,-93.7598
ITASCA,MINNESOTA," Duluth - Superior, MN - MI - WI DMA",47.4638,-93.5723
COOK,MINNESOTA," Duluth - Superior, MN - MI - WI DMA",47.8562,-90.4756
CARLTON,MINNESOTA," Duluth - Superior, MN - MI - WI DMA",46.6091,-92.6775
AITKIN,MINNESOTA," Duluth - Superior, MN - MI - WI DMA",46.6066,-93.4206
GOGEBIC,MICHIGAN," Duluth - Superior, MN - MI - WI DMA",46.4324,-89.7644
SEMINOLE,GEORGIA," Dothan, AL - GA DMA",30.8925,-84.8506
EARLY,GEORGIA," Dothan, AL - GA DMA",31.2959,-84.8656
HOUSTON,ALABAMA," Dothan, AL - GA DMA",31.1562,-85.2809
HENRY,ALABAMA," Dothan, AL - GA DMA",31.5417,-85.2284
GENEVA,ALABAMA," Dothan, AL - GA DMA",31.0954,-85.839
DALE,ALABAMA," Dothan, AL - GA DMA",31.4079,-85.6038
COFFEE,ALABAMA," Dothan, AL - GA DMA",31.399,-85.993
WAYNE,MICHIGAN," Detroit, MI DMA",42.2433,-83.3345
WASHTENAW,MICHIGAN," Detroit, MI DMA",42.2533,-83.8375
ST CLAIR,MICHIGAN," Detroit, MI DMA",42.8312,-82.6054
SANILAC,MICHIGAN," Detroit, MI DMA",43.4228,-82.8234
OAKLAND,MICHIGAN," Detroit, MI DMA",42.6613,-83.387
MONROE,MICHIGAN," Detroit, MI DMA",41.908,-83.5514
MACOMB,MICHIGAN," Detroit, MI DMA",42.6525,-82.8989
LIVINGSTON,MICHIGAN," Detroit, MI DMA",42.6027,-83.9111
LAPEER,MICHIGAN," Detroit, MI DMA",43.1028,-83.2261
MERCER,MISSOURI," Des Moines - Ames, IA - MO DMA",40.4226,-93.5657
WRIGHT,IOWA," Des Moines - Ames, IA - MO DMA",42.7343,-93.7351
WEBSTER,IOWA," Des Moines - Ames, IA - MO DMA",42.4344,-94.1647
WAYNE,IOWA," Des Moines - Ames, IA - MO DMA",40.7372,-93.327
WARREN,IOWA," Des Moines - Ames, IA - MO DMA",41.3336,-93.5592
UNION,IOWA," Des Moines - Ames, IA - MO DMA",41.0298,-94.2429
TAYLOR,IOWA," Des Moines - Ames, IA - MO DMA",40.734,-94.7
STORY,IOWA," Des Moines - Ames, IA - MO DMA",42.037,-93.4652
RINGGOLD,IOWA," Des Moines - Ames, IA - MO DMA",40.7361,-94.2434
POWESHIEK,IOWA," Des Moines - Ames, IA - MO DMA",41.6853,-92.5332
POLK,IOWA," Des Moines - Ames, IA - MO DMA",41.6673,-93.5815
POCAHONTAS,IOWA," Des Moines - Ames, IA - MO DMA",42.7329,-94.6786
MONROE,IOWA," Des Moines - Ames, IA - MO DMA",41.0265,-92.8691
MARSHALL,IOWA," Des Moines - Ames, IA - MO DMA",42.0363,-92.9991
MARION,IOWA," Des Moines - Ames, IA - MO DMA",41.3353,-93.0995
MAHASKA,IOWA," Des Moines - Ames, IA - MO DMA",41.3323,-92.6409
MADISON,IOWA," Des Moines - Ames, IA - MO DMA",41.3347,-94.0158
LUCAS,IOWA," Des Moines - Ames, IA - MO DMA",41.0271,-93.3276
KOSSUTH,IOWA," Des Moines - Ames, IA - MO DMA",43.2073,-94.2065
JASPER,IOWA," Des Moines - Ames, IA - MO DMA",41.6847,-93.0574
HUMBOLDT,IOWA," Des Moines - Ames, IA - MO DMA",42.7806,-94.2073
HARDIN,IOWA," Des Moines - Ames, IA - MO DMA",42.376,-93.2326
HAMILTON,IOWA," Des Moines - Ames, IA - MO DMA",42.3873,-93.6974
GUTHRIE,IOWA," Des Moines - Ames, IA - MO DMA",41.6815,-94.5123
GREENE,IOWA," Des Moines - Ames, IA - MO DMA",42.0384,-94.397
FRANKLIN,IOWA," Des Moines - Ames, IA - MO DMA",42.7302,-93.2624
DECATUR,IOWA," Des Moines - Ames, IA - MO DMA",40.7401,-93.786
DALLAS,IOWA," Des Moines - Ames, IA - MO DMA",41.6806,-94.0474
CLARKE,IOWA," Des Moines - Ames, IA - MO DMA",41.0282,-93.7857
CARROLL,IOWA," Des Moines - Ames, IA - MO DMA",42.0384,-94.8606
CALHOUN,IOWA," Des Moines - Ames, IA - MO DMA",42.3806,-94.6272
BOONE,IOWA," Des Moines - Ames, IA - MO DMA",42.037,-93.9317
AUDUBON,IOWA," Des Moines - Ames, IA - MO DMA",41.6815,-94.9186
APPANOOSE,IOWA," Des Moines - Ames, IA - MO DMA",40.743,-92.868
ADAIR,IOWA," Des Moines - Ames, IA - MO DMA",41.3297,-94.4707
PLATTE,WYOMING," Denver, CO - NE - NV - WY DMA",42.1314,-104.9676
NIOBRARA,WYOMING," Denver, CO - NE - NV - WY DMA",43.0474,-104.4755
CARBON,WYOMING," Denver, CO - NE - NV - WY DMA",41.7236,-106.7915
CAMPBELL,WYOMING," Denver, CO - NE - NV - WY DMA",44.2546,-105.5503
ALBANY,WYOMING," Denver, CO - NE - NV - WY DMA",41.723,-105.6758
EUREKA,NEVADA," Denver, CO - NE - NV - WY DMA",40.0869,-116.2172
KIMBALL,NEBRASKA," Denver, CO - NE - NV - WY DMA",41.1986,-103.7148
KEITH,NEBRASKA," Denver, CO - NE - NV - WY DMA",41.1991,-101.6629
GARDEN,NEBRASKA," Denver, CO - NE - NV - WY DMA",41.6187,-102.311
DEUEL,NEBRASKA," Denver, CO - NE - NV - WY DMA",41.1098,-102.3332
DAWES,NEBRASKA," Denver, CO - NE - NV - WY DMA",42.7214,-103.1269
CHEYENNE,NEBRASKA," Denver, CO - NE - NV - WY DMA",41.2207,-102.9933
BOX BUTTE,NEBRASKA," Denver, CO - NE - NV - WY DMA",42.2162,-103.094
YUMA,COLORADO," Denver, CO - NE - NV - WY DMA",40.0165,-102.4226
WELD,COLORADO," Denver, CO - NE - NV - WY DMA",40.502,-104.5459
WASHINGTON,COLORADO," Denver, CO - NE - NV - WY DMA",40.0163,-103.1328
SUMMIT,COLORADO," Denver, CO - NE - NV - WY DMA",39.6418,-106.0037
SEDGWICK,COLORADO," Denver, CO - NE - NV - WY DMA",40.8728,-102.3517
SAN MIGUEL,COLORADO," Denver, CO - NE - NV - WY DMA",37.9642,-108.4124
SAN JUAN,COLORADO," Denver, CO - NE - NV - WY DMA",37.8024,-107.6462
SAGUACHE,COLORADO," Denver, CO - NE - NV - WY DMA",38.1037,-106.3318
ROUTT,COLORADO," Denver, CO - NE - NV - WY DMA",40.4633,-107.0432
RIO GRANDE,COLORADO," Denver, CO - NE - NV - WY DMA",37.6147,-106.3753
RIO BLANCO,COLORADO," Denver, CO - NE - NV - WY DMA",39.9282,-108.1848
PROWERS,COLORADO," Denver, CO - NE - NV - WY DMA",37.9638,-102.3926
PITKIN,COLORADO," Denver, CO - NE - NV - WY DMA",39.1721,-106.9304
PHILLIPS,COLORADO," Denver, CO - NE - NV - WY DMA",40.5979,-102.3585
PARK,COLORADO," Denver, CO - NE - NV - WY DMA",39.1322,-105.7895
OURAY,COLORADO," Denver, CO - NE - NV - WY DMA",38.1129,-107.7265
MORGAN,COLORADO," Denver, CO - NE - NV - WY DMA",40.2687,-103.8108
MOFFAT,COLORADO," Denver, CO - NE - NV - WY DMA",40.6098,-108.1812
MINERAL,COLORADO," Denver, CO - NE - NV - WY DMA",37.6844,-106.9202
LOGAN,COLORADO," Denver, CO - NE - NV - WY DMA",40.7182,-103.1125
LINCOLN,COLORADO," Denver, CO - NE - NV - WY DMA",39.0461,-103.442
LARIMER,COLORADO," Denver, CO - NE - NV - WY DMA",40.6291,-105.4465
LAKE,COLORADO," Denver, CO - NE - NV - WY DMA",39.2184,-106.3357
KIT CARSON,COLORADO," Denver, CO - NE - NV - WY DMA",39.3162,-102.6018
JEFFERSON,COLORADO," Denver, CO - NE - NV - WY DMA",39.5234,-105.2388
JACKSON,COLORADO," Denver, CO - NE - NV - WY DMA",40.664,-106.3228
HINSDALE,COLORADO," Denver, CO - NE - NV - WY DMA",37.7857,-107.2992
GUNNISON,COLORADO," Denver, CO - NE - NV - WY DMA",38.7039,-106.9748
GRAND,COLORADO," Denver, CO - NE - NV - WY DMA",40.0863,-106.1362
GILPIN,COLORADO," Denver, CO - NE - NV - WY DMA",39.8421,-105.5153
GARFIELD,COLORADO," Denver, CO - NE - NV - WY DMA",39.7184,-107.5261
ELBERT,COLORADO," Denver, CO - NE - NV - WY DMA",39.2151,-104.189
EAGLE,COLORADO," Denver, CO - NE - NV - WY DMA",39.6378,-106.6461
DOUGLAS,COLORADO," Denver, CO - NE - NV - WY DMA",39.3483,-104.9202
DENVER,COLORADO," Denver, CO - NE - NV - WY DMA",39.7644,-104.9549
DELTA,COLORADO," Denver, CO - NE - NV - WY DMA",38.9419,-107.804
CUSTER,COLORADO," Denver, CO - NE - NV - WY DMA",38.0776,-105.3443
CONEJOS,COLORADO," Denver, CO - NE - NV - WY DMA",37.1987,-106.1713
CLEAR CREEK,COLORADO," Denver, CO - NE - NV - WY DMA",39.709,-105.66
CHAFFEE,COLORADO," Denver, CO - NE - NV - WY DMA",38.7407,-106.1828
BOULDER,COLORADO," Denver, CO - NE - NV - WY DMA",40.088,-105.3448
ARCHULETA,COLORADO," Denver, CO - NE - NV - WY DMA",37.2108,-107.0588
ARAPAHOE,COLORADO," Denver, CO - NE - NV - WY DMA",39.6519,-104.2834
ALAMOSA,COLORADO," Denver, CO - NE - NV - WY DMA",37.5466,-105.7781
ADAMS,COLORADO," Denver, CO - NE - NV - WY DMA",39.8701,-104.1631
SHELBY,OHIO," Dayton, OH - IN DMA",40.3332,-84.2192
PREBLE,OHIO," Dayton, OH - IN DMA",39.7357,-84.648
MONTGOMERY,OHIO," Dayton, OH - IN DMA",39.7534,-84.2913
MIAMI,OHIO," Dayton, OH - IN DMA",40.0366,-84.2325
MERCER,OHIO," Dayton, OH - IN DMA",40.5415,-84.629
LOGAN,OHIO," Dayton, OH - IN DMA",40.3861,-83.7694
GREENE,OHIO," Dayton, OH - IN DMA",39.7007,-83.8803
DARKE,OHIO," Dayton, OH - IN DMA",40.1341,-84.6194
CLARK,OHIO," Dayton, OH - IN DMA",39.9034,-83.798
CHAMPAIGN,OHIO," Dayton, OH - IN DMA",40.1413,-83.7643
AUGLAIZE,OHIO," Dayton, OH - IN DMA",40.515,-84.2245
WAYNE,INDIANA," Dayton, OH - IN DMA",39.8599,-85.0169
SCOTT,IOWA," Davenport - Rock Island - Moline, IA - IL DMA",41.6065,-90.62
MUSCATINE,IOWA," Davenport - Rock Island - Moline, IA - IL DMA",41.47,-91.0769
LOUISA,IOWA," Davenport - Rock Island - Moline, IA - IL DMA",41.2473,-91.2998
JACKSON,IOWA," Davenport - Rock Island - Moline, IA - IL DMA",42.2091,-90.6306
HENRY,IOWA," Davenport - Rock Island - Moline, IA - IL DMA",40.9933,-91.5447
DES MOINES,IOWA," Davenport - Rock Island - Moline, IA - IL DMA",40.885,-91.1962
CLINTON,IOWA," Davenport - Rock Island - Moline, IA - IL DMA",41.8816,-90.5324
WHITESIDE,ILLINOIS," Davenport - Rock Island - Moline, IA - IL DMA",41.7565,-89.9385
WARREN,ILLINOIS," Davenport - Rock Island - Moline, IA - IL DMA",40.8489,-90.6152
ROCK ISLAND,ILLINOIS," Davenport - Rock Island - Moline, IA - IL DMA",41.5548,-90.3036
MERCER,ILLINOIS," Davenport - Rock Island - Moline, IA - IL DMA",41.1981,-90.7508
KNOX,ILLINOIS," Davenport - Rock Island - Moline, IA - IL DMA",40.9298,-90.2134
JO DAVIESS,ILLINOIS," Davenport - Rock Island - Moline, IA - IL DMA",42.3507,-90.1821
HENRY,ILLINOIS," Davenport - Rock Island - Moline, IA - IL DMA",41.3661,-90.1453
HENDERSON,ILLINOIS," Davenport - Rock Island - Moline, IA - IL DMA",40.8522,-90.9209
CARROLL,ILLINOIS," Davenport - Rock Island - Moline, IA - IL DMA",42.0636,-89.9257
BUREAU,ILLINOIS," Davenport - Rock Island - Moline, IA - IL DMA",41.3661,-89.5108
WISE,TEXAS," Dallas - Ft. Worth, TX DMA",33.2115,-97.6555
VAN ZANDT,TEXAS," Dallas - Ft. Worth, TX DMA",32.6033,-95.8351
TARRANT,TEXAS," Dallas - Ft. Worth, TX DMA",32.7708,-97.2917
SOMERVELL,TEXAS," Dallas - Ft. Worth, TX DMA",32.2014,-97.7856
ROCKWALL,TEXAS," Dallas - Ft. Worth, TX DMA",32.8972,-96.4077
RAINS,TEXAS," Dallas - Ft. Worth, TX DMA",32.8458,-95.8013
PARKER,TEXAS," Dallas - Ft. Worth, TX DMA",32.7816,-97.8046
PALO PINTO,TEXAS," Dallas - Ft. Worth, TX DMA",32.7706,-98.3186
NAVARRO,TEXAS," Dallas - Ft. Worth, TX DMA",32.0628,-96.4755
MONTAGUE,TEXAS," Dallas - Ft. Worth, TX DMA",33.7131,-97.732
LAMAR,TEXAS," Dallas - Ft. Worth, TX DMA",33.6614,-95.5832
KAUFMAN,TEXAS," Dallas - Ft. Worth, TX DMA",32.5982,-96.2991
JOHNSON,TEXAS," Dallas - Ft. Worth, TX DMA",32.3415,-97.3509
JACK,TEXAS," Dallas - Ft. Worth, TX DMA",33.2355,-98.1705
HUNT,TEXAS," Dallas - Ft. Worth, TX DMA",33.1232,-96.0795
HOPKINS,TEXAS," Dallas - Ft. Worth, TX DMA",33.1751,-95.5852
HOOD,TEXAS," Dallas - Ft. Worth, TX DMA",32.3932,-97.8161
HILL,TEXAS," Dallas - Ft. Worth, TX DMA",31.9888,-97.1227
HENDERSON,TEXAS," Dallas - Ft. Worth, TX DMA",32.1827,-95.8182
HAMILTON,TEXAS," Dallas - Ft. Worth, TX DMA",31.7167,-98.0987
FREESTONE,TEXAS," Dallas - Ft. Worth, TX DMA",31.7139,-96.1581
FANNIN,TEXAS," Dallas - Ft. Worth, TX DMA",33.6132,-96.1193
ERATH,TEXAS," Dallas - Ft. Worth, TX DMA",32.214,-98.2274
ELLIS,TEXAS," Dallas - Ft. Worth, TX DMA",32.3014,-96.7619
DENTON,TEXAS," Dallas - Ft. Worth, TX DMA",33.2078,-97.1156
DELTA,TEXAS," Dallas - Ft. Worth, TX DMA",33.357,-95.7245
DALLAS,TEXAS," Dallas - Ft. Worth, TX DMA",32.7661,-96.7774
COOKE,TEXAS," Dallas - Ft. Worth, TX DMA",33.6877,-97.2144
COMANCHE,TEXAS," Dallas - Ft. Worth, TX DMA",31.9702,-98.5993
COLLIN,TEXAS," Dallas - Ft. Worth, TX DMA",33.1929,-96.5676
BOSQUE,TEXAS," Dallas - Ft. Worth, TX DMA",31.8982,-97.6486
ANDERSON,TEXAS," Dallas - Ft. Worth, TX DMA",31.7951,-95.6887
SAN PATRICIO,TEXAS," Corpus Christi, TX DMA",27.9997,-97.5016
REFUGIO,TEXAS," Corpus Christi, TX DMA",28.3093,-97.1471
NUECES,TEXAS," Corpus Christi, TX DMA",27.7778,-97.6629
LIVE OAK,TEXAS," Corpus Christi, TX DMA",28.4249,-98.1422
KLEBERG,TEXAS," Corpus Christi, TX DMA",27.4227,-97.9022
KENEDY,TEXAS," Corpus Christi, TX DMA",26.9412,-97.7741
JIM WELLS,TEXAS," Corpus Christi, TX DMA",27.659,-98.0873
JIM HOGG,TEXAS," Corpus Christi, TX DMA",27.0717,-98.7105
DUVAL,TEXAS," Corpus Christi, TX DMA",27.6613,-98.5174
BROOKS,TEXAS," Corpus Christi, TX DMA",27.0383,-98.2019
BEE,TEXAS," Corpus Christi, TX DMA",28.4248,-97.7101
ARANSAS,TEXAS," Corpus Christi, TX DMA",28.2209,-96.8754
UNION,OHIO," Columbus, OH DMA",40.306,-83.3961
ROSS,OHIO," Columbus, OH DMA",39.3416,-83.0653
PIKE,OHIO," Columbus, OH DMA",39.0768,-83.088
PICKAWAY,OHIO," Columbus, OH DMA",39.6422,-83.0458
PERRY,OHIO," Columbus, OH DMA",39.741,-82.2228
MORROW,OHIO," Columbus, OH DMA",40.5346,-82.8006
MORGAN,OHIO," Columbus, OH DMA",39.6104,-81.811
MARION,OHIO," Columbus, OH DMA",40.5706,-83.1883
MADISON,OHIO," Columbus, OH DMA",39.9016,-83.3992
LICKING,OHIO," Columbus, OH DMA",40.0935,-82.4778
KNOX,OHIO," Columbus, OH DMA",40.4047,-82.4144
HOCKING,OHIO," Columbus, OH DMA",39.5117,-82.4497
HARDIN,OHIO," Columbus, OH DMA",40.6579,-83.65
FRANKLIN,OHIO," Columbus, OH DMA",39.9693,-83.013
FAYETTE,OHIO," Columbus, OH DMA",39.5464,-83.4341
FAIRFIELD,OHIO," Columbus, OH DMA",39.7574,-82.6153
DELAWARE,OHIO," Columbus, OH DMA",40.2856,-82.9997
CRAWFORD,OHIO," Columbus, OH DMA",40.8562,-82.9186
COSHOCTON,OHIO," Columbus, OH DMA",40.3057,-81.9055
WEBSTER,GEORGIA," Columbus, GA - AL DMA",32.0757,-84.538
TAYLOR,GEORGIA," Columbus, GA - AL DMA",32.56,-84.2449
TALBOT,GEORGIA," Columbus, GA - AL DMA",32.7045,-84.519
SUMTER,GEORGIA," Columbus, GA - AL DMA",32.0502,-84.2061
STEWART,GEORGIA," Columbus, GA - AL DMA",32.0762,-84.8492
SCHLEY,GEORGIA," Columbus, GA - AL DMA",32.2933,-84.3163
RANDOLPH,GEORGIA," Columbus, GA - AL DMA",31.7744,-84.7808
QUITMAN,GEORGIA," Columbus, GA - AL DMA",31.8817,-85.0187
MUSCOGEE,GEORGIA," Columbus, GA - AL DMA",32.4916,-84.8638
MARION,GEORGIA," Columbus, GA - AL DMA",32.3437,-84.5242
HARRIS,GEORGIA," Columbus, GA - AL DMA",32.7279,-84.8993
CLAY,GEORGIA," Columbus, GA - AL DMA",31.6344,-85.0101
CHATTAHOOCHEE,GEORGIA," Columbus, GA - AL DMA",32.378,-84.8
RUSSELL,ALABAMA," Columbus, GA - AL DMA",32.2863,-85.1791
LEE,ALABAMA," Columbus, GA - AL DMA",32.5787,-85.3621
CHAMBERS,ALABAMA," Columbus, GA - AL DMA",32.9225,-85.3942
BARBOUR,ALABAMA," Columbus, GA - AL DMA",31.8832,-85.3931
YALOBUSHA,MISSISSIPPI," Columbus - Tupelo - West Point, MS - AL DMA",34.0297,-89.7169
WINSTON,MISSISSIPPI," Columbus - Tupelo - West Point, MS - AL DMA",33.105,-89.0658
WEBSTER,MISSISSIPPI," Columbus - Tupelo - West Point, MS - AL DMA",33.609,-89.2626
UNION,MISSISSIPPI," Columbus - Tupelo - West Point, MS - AL DMA",34.4823,-89.0178
TISHOMINGO,MISSISSIPPI," Columbus - Tupelo - West Point, MS - AL DMA",34.7299,-88.2243
PRENTISS,MISSISSIPPI," Columbus - Tupelo - West Point, MS - AL DMA",34.6107,-88.5242
PONTOTOC,MISSISSIPPI," Columbus - Tupelo - West Point, MS - AL DMA",34.2247,-89.0355
OKTIBBEHA,MISSISSIPPI," Columbus - Tupelo - West Point, MS - AL DMA",33.4203,-88.8794
NOXUBEE,MISSISSIPPI," Columbus - Tupelo - West Point, MS - AL DMA",33.1131,-88.5698
MONTGOMERY,MISSISSIPPI," Columbus - Tupelo - West Point, MS - AL DMA",33.4834,-89.6459
MONROE,MISSISSIPPI," Columbus - Tupelo - West Point, MS - AL DMA",33.8726,-88.476
LOWNDES,MISSISSIPPI," Columbus - Tupelo - West Point, MS - AL DMA",33.5167,-88.4303
LEE,MISSISSIPPI," Columbus - Tupelo - West Point, MS - AL DMA",34.2851,-88.685
ITAWAMBA,MISSISSIPPI," Columbus - Tupelo - West Point, MS - AL DMA",34.2716,-88.3623
CLAY,MISSISSIPPI," Columbus - Tupelo - West Point, MS - AL DMA",33.6599,-88.7739
CHOCTAW,MISSISSIPPI," Columbus - Tupelo - West Point, MS - AL DMA",33.3084,-89.2711
CHICKASAW,MISSISSIPPI," Columbus - Tupelo - West Point, MS - AL DMA",33.9062,-88.929
CALHOUN,MISSISSIPPI," Columbus - Tupelo - West Point, MS - AL DMA",33.9406,-89.3227
LAMAR,ALABAMA," Columbus - Tupelo - West Point, MS - AL DMA",33.7932,-88.0966
SUMTER,SOUTH CAROLINA," Columbia, SC DMA",33.9067,-80.3414
RICHLAND,SOUTH CAROLINA," Columbia, SC DMA",34.0064,-80.8509
ORANGEBURG,SOUTH CAROLINA," Columbia, SC DMA",33.4424,-80.8092
NEWBERRY,SOUTH CAROLINA," Columbia, SC DMA",34.3026,-81.6234
LEXINGTON,SOUTH CAROLINA," Columbia, SC DMA",33.9239,-81.2837
LEE,SOUTH CAROLINA," Columbia, SC DMA",34.1603,-80.3186
KERSHAW,SOUTH CAROLINA," Columbia, SC DMA",34.3432,-80.5564
FAIRFIELD,SOUTH CAROLINA," Columbia, SC DMA",34.3737,-81.0779
CLARENDON,SOUTH CAROLINA," Columbia, SC DMA",33.6886,-80.2465
CALHOUN,SOUTH CAROLINA," Columbia, SC DMA",33.6735,-80.7857
RANDOLPH,MISSOURI," Columbia - Jefferson City, MO DMA",39.4287,-92.5051
OSAGE,MISSOURI," Columbia - Jefferson City, MO DMA",38.4977,-91.8255
MORGAN,MISSOURI," Columbia - Jefferson City, MO DMA",38.4384,-92.852
MONTGOMERY,MISSOURI," Columbia - Jefferson City, MO DMA",38.9155,-91.4522
MONITEAU,MISSOURI," Columbia - Jefferson City, MO DMA",38.672,-92.6281
MILLER,MISSOURI," Columbia - Jefferson City, MO DMA",38.2239,-92.4463
MARIES,MISSOURI," Columbia - Jefferson City, MO DMA",38.1513,-91.9061
HOWARD,MISSOURI," Columbia - Jefferson City, MO DMA",39.1583,-92.6917
COOPER,MISSOURI," Columbia - Jefferson City, MO DMA",38.8709,-92.7894
COLE,MISSOURI," Columbia - Jefferson City, MO DMA",38.5307,-92.2447
CHARITON,MISSOURI," Columbia - Jefferson City, MO DMA",39.4648,-92.9621
CALLAWAY,MISSOURI," Columbia - Jefferson City, MO DMA",38.8109,-91.8934
BOONE,MISSOURI," Columbia - Jefferson City, MO DMA",38.9469,-92.3414
AUDRAIN,MISSOURI," Columbia - Jefferson City, MO DMA",39.202,-91.7624
TELLER,COLORADO," Colorado Springs - Pueblo, CO DMA",38.8999,-105.1784
PUEBLO,COLORADO," Colorado Springs - Pueblo, CO DMA",38.1295,-104.5533
OTERO,COLORADO," Colorado Springs - Pueblo, CO DMA",37.9522,-103.7289
LAS ANIMAS,COLORADO," Colorado Springs - Pueblo, CO DMA",37.4062,-103.9173
KIOWA,COLORADO," Colorado Springs - Pueblo, CO DMA",38.4377,-102.7755
HUERFANO,COLORADO," Colorado Springs - Pueblo, CO DMA",37.655,-104.9059
FREMONT,COLORADO," Colorado Springs - Pueblo, CO DMA",38.4842,-105.4521
EL PASO,COLORADO," Colorado Springs - Pueblo, CO DMA",38.8296,-104.5628
CROWLEY,COLORADO," Colorado Springs - Pueblo, CO DMA",38.298,-103.7784
CHEYENNE,COLORADO," Colorado Springs - Pueblo, CO DMA",38.8243,-102.6046
BENT,COLORADO," Colorado Springs - Pueblo, CO DMA",37.9496,-103.0698
BACA,COLORADO," Colorado Springs - Pueblo, CO DMA",37.3182,-102.5627
WAYNE,OHIO," Cleveland, OH DMA",40.8257,-81.8872
TUSCARAWAS,OHIO," Cleveland, OH DMA",40.4423,-81.4895
SUMMIT,OHIO," Cleveland, OH DMA",41.1313,-81.5397
STARK,OHIO," Cleveland, OH DMA",40.8122,-81.3675
RICHLAND,OHIO," Cleveland, OH DMA",40.774,-82.5525
PORTAGE,OHIO," Cleveland, OH DMA",41.1683,-81.1975
MEDINA,OHIO," Cleveland, OH DMA",41.132,-81.9285
LORAIN,OHIO," Cleveland, OH DMA",41.2889,-82.1103
LAKE,OHIO," Cleveland, OH DMA",41.7107,-81.2423
HURON,OHIO," Cleveland, OH DMA",41.1391,-82.588
HOLMES,OHIO," Cleveland, OH DMA",40.5598,-81.9225
GEAUGA,OHIO," Cleveland, OH DMA",41.5288,-81.1969
ERIE,OHIO," Cleveland, OH DMA",41.3813,-82.671
CUYAHOGA,OHIO," Cleveland, OH DMA",41.4559,-81.6805
CARROLL,OHIO," Cleveland, OH DMA",40.5787,-81.0919
ASHTABULA,OHIO," Cleveland, OH DMA",41.7343,-80.7618
ASHLAND,OHIO," Cleveland, OH DMA",40.8114,-82.2674
WEBSTER,WEST VIRGINIA," Clarksburg - Weston, WV DMA",38.4686,-80.4353
UPSHUR,WEST VIRGINIA," Clarksburg - Weston, WV DMA",38.8996,-80.2329
TUCKER,WEST VIRGINIA," Clarksburg - Weston, WV DMA",39.1181,-79.5763
TAYLOR,WEST VIRGINIA," Clarksburg - Weston, WV DMA",39.352,-80.0487
RITCHIE,WEST VIRGINIA," Clarksburg - Weston, WV DMA",39.199,-81.0842
RANDOLPH,WEST VIRGINIA," Clarksburg - Weston, WV DMA",38.7548,-79.8266
MARION,WEST VIRGINIA," Clarksburg - Weston, WV DMA",39.5144,-80.2637
LEWIS,WEST VIRGINIA," Clarksburg - Weston, WV DMA",38.9458,-80.4933
HARRISON,WEST VIRGINIA," Clarksburg - Weston, WV DMA",39.2852,-80.3964
GILMER,WEST VIRGINIA," Clarksburg - Weston, WV DMA",38.9138,-80.8124
DODDRIDGE,WEST VIRGINIA," Clarksburg - Weston, WV DMA",39.2712,-80.7484
BARBOUR,WEST VIRGINIA," Clarksburg - Weston, WV DMA",39.1254,-80.0274
WARREN,OHIO," Cincinnati, OH -IN - KY DMA",39.4248,-84.1653
HIGHLAND,OHIO," Cincinnati, OH -IN - KY DMA",39.2048,-83.6091
HAMILTON,OHIO," Cincinnati, OH -IN - KY DMA",39.1671,-84.5575
CLINTON,OHIO," Cincinnati, OH -IN - KY DMA",39.3883,-83.792
CLERMONT,OHIO," Cincinnati, OH -IN - KY DMA",39.0193,-84.1685
BUTLER,OHIO," Cincinnati, OH -IN - KY DMA",39.444,-84.5771
BROWN,OHIO," Cincinnati, OH -IN - KY DMA",38.9532,-83.8542
ADAMS,OHIO," Cincinnati, OH -IN - KY DMA",38.8204,-83.4795
ROBERTSON,KENTUCKY," Cincinnati, OH -IN - KY DMA",38.5144,-84.0653
PENDLETON,KENTUCKY," Cincinnati, OH -IN - KY DMA",38.6954,-84.3654
OWEN,KENTUCKY," Cincinnati, OH -IN - KY DMA",38.5319,-84.8467
MASON,KENTUCKY," Cincinnati, OH -IN - KY DMA",38.6145,-83.8041
KENTON,KENTUCKY," Cincinnati, OH -IN - KY DMA",38.9462,-84.535
GRANT,KENTUCKY," Cincinnati, OH -IN - KY DMA",38.6403,-84.6381
GALLATIN,KENTUCKY," Cincinnati, OH -IN - KY DMA",38.7594,-84.9018
CAMPBELL,KENTUCKY," Cincinnati, OH -IN - KY DMA",38.962,-84.3659
BRACKEN,KENTUCKY," Cincinnati, OH -IN - KY DMA",38.7151,-84.0765
BOONE,KENTUCKY," Cincinnati, OH -IN - KY DMA",38.9622,-84.721
UNION,INDIANA," Cincinnati, OH -IN - KY DMA",39.6256,-84.925
SWITZERLAND,INDIANA," Cincinnati, OH -IN - KY DMA",38.8084,-85.0112
RIPLEY,INDIANA," Cincinnati, OH -IN - KY DMA",39.112,-85.2718
OHIO,INDIANA," Cincinnati, OH -IN - KY DMA",38.9655,-84.9412
FRANKLIN,INDIANA," Cincinnati, OH -IN - KY DMA",39.3971,-85.0571
DEARBORN,INDIANA," Cincinnati, OH -IN - KY DMA",39.1215,-84.9602
TRINITY,CALIFORNIA," Chico - Redding, CA DMA",40.6758,-123.1435
TEHAMA,CALIFORNIA," Chico - Redding, CA DMA",40.1258,-122.2124
SHASTA,CALIFORNIA," Chico - Redding, CA DMA",40.7366,-122.0189
GLENN,CALIFORNIA," Chico - Redding, CA DMA",39.5921,-122.4405
BUTTE,CALIFORNIA," Chico - Redding, CA DMA",39.7252,-121.5788
PORTER,INDIANA," Chicago, IL - IN DMA",41.4674,-87.0746
NEWTON,INDIANA," Chicago, IL - IN DMA",40.9788,-87.4012
LAKE,INDIANA," Chicago, IL - IN DMA",41.438,-87.3727
LA PORTE,INDIANA," Chicago, IL - IN DMA",41.506,-86.7274
JASPER,INDIANA," Chicago, IL - IN DMA",41.0105,-87.1034
WILL,ILLINOIS," Chicago, IL - IN DMA",41.4662,-87.8889
MCHENRY,ILLINOIS," Chicago, IL - IN DMA",42.3249,-88.4523
LAKE,ILLINOIS," Chicago, IL - IN DMA",42.3243,-88.0155
LA SALLE,ILLINOIS," Chicago, IL - IN DMA",41.2787,-88.8759
KENDALL,ILLINOIS," Chicago, IL - IN DMA",41.5904,-88.4291
KANKAKEE,ILLINOIS," Chicago, IL - IN DMA",41.1487,-87.8846
KANE,ILLINOIS," Chicago, IL - IN DMA",41.9379,-88.4322
GRUNDY,ILLINOIS," Chicago, IL - IN DMA",41.2873,-88.4183
DU PAGE,ILLINOIS," Chicago, IL - IN DMA",41.8389,-88.091
DE KALB,ILLINOIS," Chicago, IL - IN DMA",41.8825,-88.7714
COOK,ILLINOIS," Chicago, IL - IN DMA",41.8129,-87.7536
LARAMIE,WYOMING," Cheyenne - Scottsbluff - Sterling, WY - NE DMA",41.3266,-104.6666
GOSHEN,WYOMING," Cheyenne - Scottsbluff - Sterling, WY - NE DMA",42.0853,-104.3534
SCOTTS BLUFF,NEBRASKA," Cheyenne - Scottsbluff - Sterling, WY - NE DMA",41.8509,-103.7073
SEQUATCHIE,TENNESSEE," Chattanooga, TN - GA - NC DMA",35.358,-85.3691
RHEA,TENNESSEE," Chattanooga, TN - GA - NC DMA",35.6177,-84.9146
POLK,TENNESSEE," Chattanooga, TN - GA - NC DMA",35.1357,-84.511
MEIGS,TENNESSEE," Chattanooga, TN - GA - NC DMA",35.5206,-84.8014
MCMINN,TENNESSEE," Chattanooga, TN - GA - NC DMA",35.4432,-84.6183
MARION,TENNESSEE," Chattanooga, TN - GA - NC DMA",35.1518,-85.6252
HAMILTON,TENNESSEE," Chattanooga, TN - GA - NC DMA",35.2216,-85.1533
GRUNDY,TENNESSEE," Chattanooga, TN - GA - NC DMA",35.3737,-85.6861
BRADLEY,TENNESSEE," Chattanooga, TN - GA - NC DMA",35.1731,-84.8524
BLEDSOE,TENNESSEE," Chattanooga, TN - GA - NC DMA",35.5632,-85.2671
CHEROKEE,NORTH CAROLINA," Chattanooga, TN - GA - NC DMA",35.1398,-84.0769
WHITFIELD,GEORGIA," Chattanooga, TN - GA - NC DMA",34.802,-84.9888
WALKER,GEORGIA," Chattanooga, TN - GA - NC DMA",34.7861,-85.3261
MURRAY,GEORGIA," Chattanooga, TN - GA - NC DMA",34.786,-84.7429
FANNIN,GEORGIA," Chattanooga, TN - GA - NC DMA",34.7944,-84.1995
DADE,GEORGIA," Chattanooga, TN - GA - NC DMA",34.8062,-85.5116
CATOOSA,GEORGIA," Chattanooga, TN - GA - NC DMA",34.8771,-85.1438
MADISON,VIRGINIA," Charlottesville, VA DMA",38.429,-78.2789
GREENE,VIRGINIA," Charlottesville, VA DMA",38.3303,-78.4797
CHARLOTTESVILLE,VIRGINIA," Charlottesville, VA DMA",38.04,-78.4779
ALBEMARLE,VIRGINIA," Charlottesville, VA DMA",38.0006,-78.5618
YORK,SOUTH CAROLINA," Charlotte, NC - SC DMA",34.9926,-81.1884
LANCASTER,SOUTH CAROLINA," Charlotte, NC - SC DMA",34.7677,-80.695
CHESTERFIELD,SOUTH CAROLINA," Charlotte, NC - SC DMA",34.5923,-80.096
CHESTER,SOUTH CAROLINA," Charlotte, NC - SC DMA",34.682,-81.1658
WATAUGA,NORTH CAROLINA," Charlotte, NC - SC DMA",36.2514,-81.7044
UNION,NORTH CAROLINA," Charlotte, NC - SC DMA",35.0113,-80.5626
STANLY,NORTH CAROLINA," Charlotte, NC - SC DMA",35.323,-80.2478
ROWAN,NORTH CAROLINA," Charlotte, NC - SC DMA",35.6834,-80.5507
RICHMOND,NORTH CAROLINA," Charlotte, NC - SC DMA",34.9947,-79.7277
MECKLENBURG,NORTH CAROLINA," Charlotte, NC - SC DMA",35.2586,-80.831
LINCOLN,NORTH CAROLINA," Charlotte, NC - SC DMA",35.485,-81.2181
IREDELL,NORTH CAROLINA," Charlotte, NC - SC DMA",35.7741,-80.9217
GASTON,NORTH CAROLINA," Charlotte, NC - SC DMA",35.2834,-81.1822
CLEVELAND,NORTH CAROLINA," Charlotte, NC - SC DMA",35.3743,-81.5594
CATAWBA,NORTH CAROLINA," Charlotte, NC - SC DMA",35.6888,-81.2042
CALDWELL,NORTH CAROLINA," Charlotte, NC - SC DMA",35.9399,-81.5596
CABARRUS,NORTH CAROLINA," Charlotte, NC - SC DMA",35.3455,-80.5464
BURKE,NORTH CAROLINA," Charlotte, NC - SC DMA",35.7795,-81.7535
AVERY,NORTH CAROLINA," Charlotte, NC - SC DMA",36.0994,-81.9277
ASHE,NORTH CAROLINA," Charlotte, NC - SC DMA",36.4146,-81.4996
ANSON,NORTH CAROLINA," Charlotte, NC - SC DMA",35.0087,-80.0992
ALEXANDER,NORTH CAROLINA," Charlotte, NC - SC DMA",35.9161,-81.181
WILLIAMSBURG,SOUTH CAROLINA," Charleston, SC DMA",33.598,-79.7441
GEORGETOWN,SOUTH CAROLINA," Charleston, SC DMA",33.449,-79.3455
DORCHESTER,SOUTH CAROLINA," Charleston, SC DMA",33.0758,-80.424
COLLETON,SOUTH CAROLINA," Charleston, SC DMA",32.8261,-80.6509
CHARLESTON,SOUTH CAROLINA," Charleston, SC DMA",32.7585,-80.1952
BERKELEY,SOUTH CAROLINA," Charleston, SC DMA",33.1639,-79.9106
WIRT,WEST VIRGINIA," Charleston - Huntington, WV - KY - OH DMA",39.0406,-81.4067
WAYNE,WEST VIRGINIA," Charleston - Huntington, WV - KY - OH DMA",38.1326,-82.4393
ROANE,WEST VIRGINIA," Charleston - Huntington, WV - KY - OH DMA",38.7316,-81.3516
PUTNAM,WEST VIRGINIA," Charleston - Huntington, WV - KY - OH DMA",38.4762,-81.891
NICHOLAS,WEST VIRGINIA," Charleston - Huntington, WV - KY - OH DMA",38.3154,-80.8243
MINGO,WEST VIRGINIA," Charleston - Huntington, WV - KY - OH DMA",37.7434,-82.2155
MASON,WEST VIRGINIA," Charleston - Huntington, WV - KY - OH DMA",38.7534,-82.0024
LOGAN,WEST VIRGINIA," Charleston - Huntington, WV - KY - OH DMA",37.8334,-81.9426
LINCOLN,WEST VIRGINIA," Charleston - Huntington, WV - KY - OH DMA",38.1606,-82.0837
KANAWHA,WEST VIRGINIA," Charleston - Huntington, WV - KY - OH DMA",38.2982,-81.5239
JACKSON,WEST VIRGINIA," Charleston - Huntington, WV - KY - OH DMA",38.8259,-81.6961
CLAY,WEST VIRGINIA," Charleston - Huntington, WV - KY - OH DMA",38.4672,-81.0583
CALHOUN,WEST VIRGINIA," Charleston - Huntington, WV - KY - OH DMA",38.8292,-81.1142
CABELL,WEST VIRGINIA," Charleston - Huntington, WV - KY - OH DMA",38.413,-82.2762
BRAXTON,WEST VIRGINIA," Charleston - Huntington, WV - KY - OH DMA",38.7116,-80.7316
BOONE,WEST VIRGINIA," Charleston - Huntington, WV - KY - OH DMA",37.9975,-81.7141
VINTON,OHIO," Charleston - Huntington, WV - KY - OH DMA",39.2122,-82.5151
SCIOTO,OHIO," Charleston - Huntington, WV - KY - OH DMA",38.7957,-82.9618
MEIGS,OHIO," Charleston - Huntington, WV - KY - OH DMA",39.0398,-82.0571
LAWRENCE,OHIO," Charleston - Huntington, WV - KY - OH DMA",38.6267,-82.5576
JACKSON,OHIO," Charleston - Huntington, WV - KY - OH DMA",39.0278,-82.6173
GALLIA,OHIO," Charleston - Huntington, WV - KY - OH DMA",38.8091,-82.3889
ATHENS,OHIO," Charleston - Huntington, WV - KY - OH DMA",39.3556,-82.0716
PIKE,KENTUCKY," Charleston - Huntington, WV - KY - OH DMA",37.471,-82.3248
MARTIN,KENTUCKY," Charleston - Huntington, WV - KY - OH DMA",37.8157,-82.526
MAGOFFIN,KENTUCKY," Charleston - Huntington, WV - KY - OH DMA",37.6908,-83.0969
LEWIS,KENTUCKY," Charleston - Huntington, WV - KY - OH DMA",38.5222,-83.3941
LAWRENCE,KENTUCKY," Charleston - Huntington, WV - KY - OH DMA",38.0749,-82.7514
JOHNSON,KENTUCKY," Charleston - Huntington, WV - KY - OH DMA",37.8526,-82.8331
GREENUP,KENTUCKY," Charleston - Huntington, WV - KY - OH DMA",38.5657,-82.9522
FLOYD,KENTUCKY," Charleston - Huntington, WV - KY - OH DMA",37.5213,-82.7592
ELLIOTT,KENTUCKY," Charleston - Huntington, WV - KY - OH DMA",38.1318,-83.0627
CARTER,KENTUCKY," Charleston - Huntington, WV - KY - OH DMA",38.3367,-83.0088
BOYD,KENTUCKY," Charleston - Huntington, WV - KY - OH DMA",38.3696,-82.6985
VERMILION,ILLINOIS," Champaign - Springfield - Decatur, IL DMA",40.1783,-87.7363
SHELBY,ILLINOIS," Champaign - Springfield - Decatur, IL DMA",39.4274,-88.7479
SANGAMON,ILLINOIS," Champaign - Springfield - Decatur, IL DMA",39.7498,-89.7053
PIATT,ILLINOIS," Champaign - Springfield - Decatur, IL DMA",40.0383,-88.6044
MOULTRIE,ILLINOIS," Champaign - Springfield - Decatur, IL DMA",39.6126,-88.6408
MORGAN,ILLINOIS," Champaign - Springfield - Decatur, IL DMA",39.7065,-90.1763
MENARD,ILLINOIS," Champaign - Springfield - Decatur, IL DMA",40.027,-89.787
MACON,ILLINOIS," Champaign - Springfield - Decatur, IL DMA",39.8618,-88.9818
LOGAN,ILLINOIS," Champaign - Springfield - Decatur, IL DMA",40.1187,-89.3736
IROQUOIS,ILLINOIS," Champaign - Springfield - Decatur, IL DMA",40.7483,-87.8255
FORD,ILLINOIS," Champaign - Springfield - Decatur, IL DMA",40.6977,-88.1805
EFFINGHAM,ILLINOIS," Champaign - Springfield - Decatur, IL DMA",39.0658,-88.5834
DOUGLAS,ILLINOIS," Champaign - Springfield - Decatur, IL DMA",39.7637,-88.2205
DE WITT,ILLINOIS," Champaign - Springfield - Decatur, IL DMA",40.1762,-88.9037
CUMBERLAND,ILLINOIS," Champaign - Springfield - Decatur, IL DMA",39.2765,-88.2406
COLES,ILLINOIS," Champaign - Springfield - Decatur, IL DMA",39.5297,-88.2167
CHRISTIAN,ILLINOIS," Champaign - Springfield - Decatur, IL DMA",39.5865,-89.2797
CHAMPAIGN,ILLINOIS," Champaign - Springfield - Decatur, IL DMA",40.1363,-88.2017
WINNESHIEK,IOWA," Cedar Rapids - Waterloo&Dubuque, IA - WI DMA",43.2932,-91.8426
WASHINGTON,IOWA," Cedar Rapids - Waterloo&Dubuque, IA - WI DMA",41.3304,-91.7158
TAMA,IOWA," Cedar Rapids - Waterloo&Dubuque, IA - WI DMA",42.0847,-92.533
LINN,IOWA," Cedar Rapids - Waterloo&Dubuque, IA - WI DMA",42.0798,-91.5998
KEOKUK,IOWA," Cedar Rapids - Waterloo&Dubuque, IA - WI DMA",41.3368,-92.1791
JONES,IOWA," Cedar Rapids - Waterloo&Dubuque, IA - WI DMA",42.1213,-91.1314
JOHNSON,IOWA," Cedar Rapids - Waterloo&Dubuque, IA - WI DMA",41.645,-91.5998
IOWA,IOWA," Cedar Rapids - Waterloo&Dubuque, IA - WI DMA",41.6805,-92.067
GRUNDY,IOWA," Cedar Rapids - Waterloo&Dubuque, IA - WI DMA",42.3803,-92.7681
FAYETTE,IOWA," Cedar Rapids - Waterloo&Dubuque, IA - WI DMA",42.8639,-91.8442
DUBUQUE,IOWA," Cedar Rapids - Waterloo&Dubuque, IA - WI DMA",42.485,-90.8953
DELAWARE,IOWA," Cedar Rapids - Waterloo&Dubuque, IA - WI DMA",42.471,-91.3709
CLAYTON,IOWA," Cedar Rapids - Waterloo&Dubuque, IA - WI DMA",42.8621,-91.3526
CHICKASAW,IOWA," Cedar Rapids - Waterloo&Dubuque, IA - WI DMA",43.0488,-92.3177
CEDAR,IOWA," Cedar Rapids - Waterloo&Dubuque, IA - WI DMA",41.7722,-91.1322
BUTLER,IOWA," Cedar Rapids - Waterloo&Dubuque, IA - WI DMA",42.7342,-92.7904
BUCHANAN,IOWA," Cedar Rapids - Waterloo&Dubuque, IA - WI DMA",42.4728,-91.845
BREMER,IOWA," Cedar Rapids - Waterloo&Dubuque, IA - WI DMA",42.7701,-92.3182
BLACK HAWK,IOWA," Cedar Rapids - Waterloo&Dubuque, IA - WI DMA",42.4762,-92.318
BENTON,IOWA," Cedar Rapids - Waterloo&Dubuque, IA - WI DMA",42.0802,-92.067
ALLAMAKEE,IOWA," Cedar Rapids - Waterloo&Dubuque, IA - WI DMA",43.2887,-91.3442
WASHAKIE,WYOMING," Casper - Riverton, WY DMA",43.8356,-107.6602
NATRONA,WYOMING," Casper - Riverton, WY DMA",42.9727,-106.7878
JOHNSON,WYOMING," Casper - Riverton, WY DMA",44.0303,-106.5693
HOT SPRINGS,WYOMING," Casper - Riverton, WY DMA",43.7705,-108.602
FREMONT,WYOMING," Casper - Riverton, WY DMA",43.1414,-108.5719
CONVERSE,WYOMING," Casper - Riverton, WY DMA",42.8966,-105.4856
SILVER BOW,MONTANA," Butte - Bozeman, MT DMA",45.9061,-112.6901
POWELL,MONTANA," Butte - Bozeman, MT DMA",46.9379,-113.0493
MADISON,MONTANA," Butte - Bozeman, MT DMA",45.2788,-111.9151
JEFFERSON,MONTANA," Butte - Bozeman, MT DMA",46.1606,-112.1499
GALLATIN,MONTANA," Butte - Bozeman, MT DMA",45.3376,-111.2056
DEER LODGE,MONTANA," Butte - Bozeman, MT DMA",46.0131,-113.0994
BROADWATER,MONTANA," Butte - Bozeman, MT DMA",46.3095,-111.4521
BEAVERHEAD,MONTANA," Butte - Bozeman, MT DMA",45.1549,-113.0231
WINDSOR,VERMONT," Burlington, VT - Plattsburgh, NY DMA",43.5932,-72.5478
WASHINGTON,VERMONT," Burlington, VT - Plattsburgh, NY DMA",44.2623,-72.6134
RUTLAND,VERMONT," Burlington, VT - Plattsburgh, NY DMA",43.576,-73.0283
ORLEANS,VERMONT," Burlington, VT - Plattsburgh, NY DMA",44.7761,-72.2585
ORANGE,VERMONT," Burlington, VT - Plattsburgh, NY DMA",43.9959,-72.4402
LAMOILLE,VERMONT," Burlington, VT - Plattsburgh, NY DMA",44.6012,-72.6366
GRAND ISLE,VERMONT," Burlington, VT - Plattsburgh, NY DMA",44.7892,-73.2928
FRANKLIN,VERMONT," Burlington, VT - Plattsburgh, NY DMA",44.8257,-72.8735
ESSEX,VERMONT," Burlington, VT - Plattsburgh, NY DMA",44.6823,-71.7338
CHITTENDEN,VERMONT," Burlington, VT - Plattsburgh, NY DMA",44.4425,-73.0527
CALEDONIA,VERMONT," Burlington, VT - Plattsburgh, NY DMA",44.4632,-72.1084
ADDISON,VERMONT," Burlington, VT - Plattsburgh, NY DMA",44.0288,-73.078
FRANKLIN,NEW YORK," Burlington, VT - Plattsburgh, NY DMA",44.5612,-74.2572
ESSEX,NEW YORK," Burlington, VT - Plattsburgh, NY DMA",44.1475,-73.7487
CLINTON,NEW YORK," Burlington, VT - Plattsburgh, NY DMA",44.7224,-73.6768
SULLIVAN,NEW HAMPSHIRE," Burlington, VT - Plattsburgh, NY DMA",43.3649,-72.2372
GRAFTON,NEW HAMPSHIRE," Burlington, VT - Plattsburgh, NY DMA",43.9691,-71.7378
POTTER,PENNSYLVANIA," Buffalo, NY - PA DMA",41.7403,-77.9042
MCKEAN,PENNSYLVANIA," Buffalo, NY - PA DMA",41.8025,-78.5774
WYOMING,NEW YORK," Buffalo, NY - PA DMA",42.6952,-78.2099
ORLEANS,NEW YORK," Buffalo, NY - PA DMA",43.2522,-78.2296
NIAGARA,NEW YORK," Buffalo, NY - PA DMA",43.1973,-78.7555
GENESEE,NEW YORK," Buffalo, NY - PA DMA",43.0001,-78.1865
ERIE,NEW YORK," Buffalo, NY - PA DMA",42.7691,-78.6668
CHAUTAUQUA,NEW YORK," Buffalo, NY - PA DMA",42.2858,-79.3876
CATTARAUGUS,NEW YORK," Buffalo, NY - PA DMA",42.2766,-78.6848
ALLEGANY,NEW YORK," Buffalo, NY - PA DMA",42.2585,-78.0236
WARREN,KENTUCKY," Bowling Green, KY DMA",36.9834,-86.4059
METCALFE,KENTUCKY," Bowling Green, KY DMA",37.0023,-85.6238
HART,KENTUCKY," Bowling Green, KY DMA",37.2995,-85.9087
EDMONSON,KENTUCKY," Bowling Green, KY DMA",37.2033,-86.233
CUMBERLAND,KENTUCKY," Bowling Green, KY DMA",36.7784,-85.408
BUTLER,KENTUCKY," Bowling Green, KY DMA",37.1976,-86.6579
BARREN,KENTUCKY," Bowling Green, KY DMA",36.9559,-85.9523
ADAIR,KENTUCKY," Bowling Green, KY DMA",37.1179,-85.3011
WINDHAM,VERMONT," Boston, MA - NH DMA",42.9961,-72.7339
STRAFFORD,NEW HAMPSHIRE," Boston, MA - NH DMA",43.3285,-71.0587
ROCKINGHAM,NEW HAMPSHIRE," Boston, MA - NH DMA",43.0068,-71.068
MERRIMACK,NEW HAMPSHIRE," Boston, MA - NH DMA",43.3128,-71.686
HILLSBOROUGH,NEW HAMPSHIRE," Boston, MA - NH DMA",42.953,-71.7203
CHESHIRE,NEW HAMPSHIRE," Boston, MA - NH DMA",42.9472,-72.2973
BELKNAP,NEW HAMPSHIRE," Boston, MA - NH DMA",43.5256,-71.4326
WORCESTER,MASSACHUSETTS," Boston, MA - NH DMA",42.3658,-71.9578
SUFFOLK,MASSACHUSETTS," Boston, MA - NH DMA",42.301,-71.0926
PLYMOUTH,MASSACHUSETTS," Boston, MA - NH DMA",41.9678,-70.8615
NORFOLK,MASSACHUSETTS," Boston, MA - NH DMA",42.1571,-71.1978
NANTUCKET,MASSACHUSETTS," Boston, MA - NH DMA",41.3157,-70.0042
MIDDLESEX,MASSACHUSETTS," Boston, MA - NH DMA",42.4472,-71.2884
ESSEX,MASSACHUSETTS," Boston, MA - NH DMA",42.6513,-71.0076
DUKES,MASSACHUSETTS," Boston, MA - NH DMA",41.3918,-70.6209
BARNSTABLE,MASSACHUSETTS," Boston, MA - NH DMA",41.7993,-69.9956
MALHEUR,OREGON," Boise, ID - OR DMA",43.2329,-117.6274
GRANT,OREGON," Boise, ID - OR DMA",44.4798,-119.009
WASHINGTON,IDAHO," Boise, ID - OR DMA",44.4975,-116.8616
VALLEY,IDAHO," Boise, ID - OR DMA",44.6858,-115.6567
PAYETTE,IDAHO," Boise, ID - OR DMA",43.9728,-116.8348
OWYHEE,IDAHO," Boise, ID - OR DMA",42.8412,-116.2403
GEM,IDAHO," Boise, ID - OR DMA",44.1559,-116.286
ELMORE,IDAHO," Boise, ID - OR DMA",43.4545,-115.5288
CANYON,IDAHO," Boise, ID - OR DMA",43.5865,-116.6532
CAMAS,IDAHO," Boise, ID - OR DMA",43.5285,-114.836
BOISE,IDAHO," Boise, ID - OR DMA",43.9699,-115.7708
ADAMS,IDAHO," Boise, ID - OR DMA",44.8572,-116.5409
ADA,IDAHO," Boise, ID - OR DMA",43.4673,-116.224
WYOMING,WEST VIRGINIA," Bluefield - Beckley - Oak Hill, WV - VA DMA",37.6036,-81.5699
SUMMERS,WEST VIRGINIA," Bluefield - Beckley - Oak Hill, WV - VA DMA",37.6488,-80.8773
RALEIGH,WEST VIRGINIA," Bluefield - Beckley - Oak Hill, WV - VA DMA",37.7493,-81.1743
MONROE,WEST VIRGINIA," Bluefield - Beckley - Oak Hill, WV - VA DMA",37.5557,-80.5468
MERCER,WEST VIRGINIA," Bluefield - Beckley - Oak Hill, WV - VA DMA",37.4167,-81.0766
MCDOWELL,WEST VIRGINIA," Bluefield - Beckley - Oak Hill, WV - VA DMA",37.3753,-81.6356
GREENBRIER,WEST VIRGINIA," Bluefield - Beckley - Oak Hill, WV - VA DMA",37.976,-80.4033
FAYETTE,WEST VIRGINIA," Bluefield - Beckley - Oak Hill, WV - VA DMA",38.0418,-81.0963
TAZEWELL,VIRGINIA," Bluefield - Beckley - Oak Hill, WV - VA DMA",37.1358,-81.6058
BLAND,VIRGINIA," Bluefield - Beckley - Oak Hill, WV - VA DMA",37.1272,-81.0776
WINSTON,ALABAMA," Birmingham, AL DMA",34.151,-87.3736
WALKER,ALABAMA," Birmingham, AL DMA",33.7599,-87.2766
TUSCALOOSA,ALABAMA," Birmingham, AL DMA",33.3076,-87.5001
TALLADEGA,ALABAMA," Birmingham, AL DMA",33.402,-86.1457
ST CLAIR,ALABAMA," Birmingham, AL DMA",33.6907,-86.3647
SHELBY,ALABAMA," Birmingham, AL DMA",33.2829,-86.6796
PICKENS,ALABAMA," Birmingham, AL DMA",33.2663,-88.0727
MARION,ALABAMA," Birmingham, AL DMA",34.1214,-87.918
JEFFERSON,ALABAMA," Birmingham, AL DMA",33.5455,-86.8602
HALE,ALABAMA," Birmingham, AL DMA",32.7441,-87.6382
GREENE,ALABAMA," Birmingham, AL DMA",32.8362,-88.0005
FAYETTE,ALABAMA," Birmingham, AL DMA",33.7201,-87.7385
ETOWAH,ALABAMA," Birmingham, AL DMA",34.0211,-86.0433
CULLMAN,ALABAMA," Birmingham, AL DMA",34.0862,-86.9042
CLAY,ALABAMA," Birmingham, AL DMA",33.2947,-85.8155
CHILTON,ALABAMA," Birmingham, AL DMA",32.8658,-86.665
CHEROKEE,ALABAMA," Birmingham, AL DMA",34.2345,-85.6478
CALHOUN,ALABAMA," Birmingham, AL DMA",33.7625,-85.8417
BLOUNT,ALABAMA," Birmingham, AL DMA",34.0126,-86.5339
BIBB,ALABAMA," Birmingham, AL DMA",33.0388,-87.0967
TIOGA,NEW YORK," Binghamton, NY DMA",42.2046,-76.3107
DELAWARE,NEW YORK," Binghamton, NY DMA",42.1831,-74.9537
CHENANGO,NEW YORK," Binghamton, NY DMA",42.4711,-75.6351
BROOME,NEW YORK," Binghamton, NY DMA",42.2087,-75.8619
STONE,MISSISSIPPI," Biloxi - Gulfport, MS DMA",30.785,-89.113
JACKSON,MISSISSIPPI," Biloxi - Gulfport, MS DMA",30.5287,-88.6434
HARRISON,MISSISSIPPI," Biloxi - Gulfport, MS DMA",30.4902,-89.1126
GEORGE,MISSISSIPPI," Biloxi - Gulfport, MS DMA",30.8709,-88.652
PARK,WYOMING," Billings, MT - ID DMA",44.4063,-109.4153
BIG HORN,WYOMING," Billings, MT - ID DMA",44.5851,-107.9869
YELLOWSTONE,MONTANA," Billings, MT - ID DMA",45.9727,-108.3601
WHEATLAND,MONTANA," Billings, MT - ID DMA",46.4874,-109.8421
TREASURE,MONTANA," Billings, MT - ID DMA",46.1715,-107.2369
SWEET GRASS,MONTANA," Billings, MT - ID DMA",45.701,-109.8912
STILLWATER,MONTANA," Billings, MT - ID DMA",45.6523,-109.213
ROSEBUD,MONTANA," Billings, MT - ID DMA",46.0242,-106.5653
POWDER RIVER,MONTANA," Billings, MT - ID DMA",45.3947,-105.6109
PETROLEUM,MONTANA," Billings, MT - ID DMA",47.175,-108.3333
PARK,MONTANA," Billings, MT - ID DMA",45.597,-110.5064
MUSSELSHELL,MONTANA," Billings, MT - ID DMA",46.4464,-108.3212
MEAGHER,MONTANA," Billings, MT - ID DMA",46.6376,-110.8206
GOLDEN VALLEY,MONTANA," Billings, MT - ID DMA",46.4005,-109.1318
GARFIELD,MONTANA," Billings, MT - ID DMA",47.4172,-107.1049
CUSTER,MONTANA," Billings, MT - ID DMA",46.3205,-105.5301
CARBON,MONTANA," Billings, MT - ID DMA",45.3168,-109.1433
BIG HORN,MONTANA," Billings, MT - ID DMA",45.5509,-107.3996
DESCHUTES,OREGON," Bend, OR DMA",44.0035,-121.4056
TYLER,TEXAS," Beaumont - Port Arthur, TX DMA",30.7932,-94.3877
ORANGE,TEXAS," Beaumont - Port Arthur, TX DMA",30.1075,-93.8955
NEWTON,TEXAS," Beaumont - Port Arthur, TX DMA",30.7161,-93.745
JEFFERSON,TEXAS," Beaumont - Port Arthur, TX DMA",29.8764,-94.1418
JASPER,TEXAS," Beaumont - Port Arthur, TX DMA",30.7013,-93.9986
HARDIN,TEXAS," Beaumont - Port Arthur, TX DMA",30.3124,-94.3867
WILKINSON,MISSISSIPPI," Baton Rouge, LA - MS DMA",31.1872,-91.3242
AMITE,MISSISSIPPI," Baton Rouge, LA - MS DMA",31.1758,-90.804
WEST FELICIANA,LOUISIANA," Baton Rouge, LA - MS DMA",30.8264,-91.3806
WEST BATON ROUGE,LOUISIANA," Baton Rouge, LA - MS DMA",30.4862,-91.3359
ST MARY,LOUISIANA," Baton Rouge, LA - MS DMA",29.7168,-91.3717
ST HELENA,LOUISIANA," Baton Rouge, LA - MS DMA",30.8246,-90.7047
POINTE COUPEE,LOUISIANA," Baton Rouge, LA - MS DMA",30.7518,-91.6754
LIVINGSTON,LOUISIANA," Baton Rouge, LA - MS DMA",30.4129,-90.741
IBERVILLE,LOUISIANA," Baton Rouge, LA - MS DMA",30.261,-91.3159
EAST FELICIANA,LOUISIANA," Baton Rouge, LA - MS DMA",30.8248,-91.0387
EAST BATON ROUGE,LOUISIANA," Baton Rouge, LA - MS DMA",30.5161,-91.0892
ASSUMPTION,LOUISIANA," Baton Rouge, LA - MS DMA",29.8531,-91.0545
ASCENSION,LOUISIANA," Baton Rouge, LA - MS DMA",30.2049,-90.892
WASHINGTON,MAINE," Bangor, ME DMA",45.0452,-67.5514
WALDO,MAINE," Bangor, ME DMA",44.5028,-69.0953
SOMERSET,MAINE," Bangor, ME DMA",45.5842,-70.1228
PISCATAQUIS,MAINE," Bangor, ME DMA",45.798,-69.2708
PENOBSCOT,MAINE," Bangor, ME DMA",45.5258,-68.4345
HANCOCK,MAINE," Bangor, ME DMA",44.7441,-68.3219
TALBOT,MARYLAND," Baltimore, MD DMA",38.762,-76.0336
QUEEN ANNES,MARYLAND," Baltimore, MD DMA",39.0575,-75.9714
KENT,MARYLAND," Baltimore, MD DMA",39.2185,-76.1421
HOWARD,MARYLAND," Baltimore, MD DMA",39.236,-76.8932
HARFORD,MARYLAND," Baltimore, MD DMA",39.511,-76.2962
DORCHESTER,MARYLAND," Baltimore, MD DMA",38.461,-76.0567
CECIL,MARYLAND," Baltimore, MD DMA",39.5427,-75.9237
CARROLL,MARYLAND," Baltimore, MD DMA",39.5348,-77.0131
CAROLINE,MARYLAND," Baltimore, MD DMA",38.8895,-75.8358
BALTIMORE CITY,MARYLAND," Baltimore, MD DMA",39.304,-76.6204
BALTIMORE,MARYLAND," Baltimore, MD DMA",39.4587,-76.637
ANNE ARUNDEL,MARYLAND," Baltimore, MD DMA",38.9754,-76.6531
KERN,CALIFORNIA," Bakersfield, CA DMA",35.3032,-118.7204
WILLIAMSON,TEXAS," Austin, TX DMA",30.6541,-97.6352
TRAVIS,TEXAS," Austin, TX DMA",30.3252,-97.7773
MASON,TEXAS," Austin, TX DMA",30.7183,-99.2239
LLANO,TEXAS," Austin, TX DMA",30.704,-98.6891
LEE,TEXAS," Austin, TX DMA",30.2949,-96.8887
HAYS,TEXAS," Austin, TX DMA",30.065,-98.0268
FAYETTE,TEXAS," Austin, TX DMA",29.8921,-96.9151
CALDWELL,TEXAS," Austin, TX DMA",29.8519,-97.6266
BURNET,TEXAS," Austin, TX DMA",30.7338,-98.1859
BLANCO,TEXAS," Austin, TX DMA",30.2172,-98.4077
BASTROP,TEXAS," Austin, TX DMA",30.1035,-97.3242
SALUDA,SOUTH CAROLINA," Augusta, GA - SC DMA",34.0012,-81.7467
MCCORMICK,SOUTH CAROLINA," Augusta, GA - SC DMA",33.8361,-82.2353
EDGEFIELD,SOUTH CAROLINA," Augusta, GA - SC DMA",33.7548,-81.9474
BARNWELL,SOUTH CAROLINA," Augusta, GA - SC DMA",33.2872,-81.4301
BAMBERG,SOUTH CAROLINA," Augusta, GA - SC DMA",33.2334,-81.0342
ALLENDALE,SOUTH CAROLINA," Augusta, GA - SC DMA",32.9515,-81.3641
AIKEN,SOUTH CAROLINA," Augusta, GA - SC DMA",33.5377,-81.6614
WILKES,GEORGIA," Augusta, GA - SC DMA",33.7943,-82.7783
WARREN,GEORGIA," Augusta, GA - SC DMA",33.4325,-82.7019
TALIAFERRO,GEORGIA," Augusta, GA - SC DMA",33.5857,-82.857
RICHMOND,GEORGIA," Augusta, GA - SC DMA",33.3856,-82.0915
MCDUFFIE,GEORGIA," Augusta, GA - SC DMA",33.4859,-82.496
LINCOLN,GEORGIA," Augusta, GA - SC DMA",33.8109,-82.4499
JENKINS,GEORGIA," Augusta, GA - SC DMA",32.7878,-81.9779
JEFFERSON,GEORGIA," Augusta, GA - SC DMA",33.0376,-82.4451
GLASCOCK,GEORGIA," Augusta, GA - SC DMA",33.2234,-82.6236
EMANUEL,GEORGIA," Augusta, GA - SC DMA",32.5672,-82.3078
COLUMBIA,GEORGIA," Augusta, GA - SC DMA",33.5274,-82.2215
BURKE,GEORGIA," Augusta, GA - SC DMA",33.0511,-81.9246
CLAY,NORTH CAROLINA," Atlanta, GA - AL - NC DMA",35.0738,-83.7498
WHITE,GEORGIA," Atlanta, GA - AL - NC DMA",34.6527,-83.7674
WALTON,GEORGIA," Atlanta, GA - AL - NC DMA",33.7621,-83.7467
UPSON,GEORGIA," Atlanta, GA - AL - NC DMA",32.847,-84.2938
UNION,GEORGIA," Atlanta, GA - AL - NC DMA",34.8145,-83.9604
TROUP,GEORGIA," Atlanta, GA - AL - NC DMA",33.0462,-85.0417
TOWNS,GEORGIA," Atlanta, GA - AL - NC DMA",34.8916,-83.7245
SPALDING,GEORGIA," Atlanta, GA - AL - NC DMA",33.2657,-84.27
ROCKDALE,GEORGIA," Atlanta, GA - AL - NC DMA",33.6557,-84.012
RABUN,GEORGIA," Atlanta, GA - AL - NC DMA",34.8585,-83.4531
PUTNAM,GEORGIA," Atlanta, GA - AL - NC DMA",33.3256,-83.3438
POLK,GEORGIA," Atlanta, GA - AL - NC DMA",33.9981,-85.1824
PIKE,GEORGIA," Atlanta, GA - AL - NC DMA",33.0887,-84.3827
PICKENS,GEORGIA," Atlanta, GA - AL - NC DMA",34.4696,-84.4869
PAULDING,GEORGIA," Atlanta, GA - AL - NC DMA",33.9259,-84.8869
OGLETHORPE,GEORGIA," Atlanta, GA - AL - NC DMA",33.8688,-83.0903
OCONEE,GEORGIA," Atlanta, GA - AL - NC DMA",33.832,-83.416
NEWTON,GEORGIA," Atlanta, GA - AL - NC DMA",33.5555,-83.8413
MORGAN,GEORGIA," Atlanta, GA - AL - NC DMA",33.6264,-83.5086
MERIWETHER,GEORGIA," Atlanta, GA - AL - NC DMA",33.039,-84.6999
MADISON,GEORGIA," Atlanta, GA - AL - NC DMA",34.1361,-83.2063
LUMPKIN,GEORGIA," Atlanta, GA - AL - NC DMA",34.5765,-84.0269
LAMAR,GEORGIA," Atlanta, GA - AL - NC DMA",33.0706,-84.1453
JASPER,GEORGIA," Atlanta, GA - AL - NC DMA",33.3294,-83.6903
JACKSON,GEORGIA," Atlanta, GA - AL - NC DMA",34.1326,-83.5846
HENRY,GEORGIA," Atlanta, GA - AL - NC DMA",33.4724,-84.1195
HEARD,GEORGIA," Atlanta, GA - AL - NC DMA",33.2797,-85.1124
HARALSON,GEORGIA," Atlanta, GA - AL - NC DMA",33.7836,-85.2066
HALL,GEORGIA," Atlanta, GA - AL - NC DMA",34.3063,-83.7851
HABERSHAM,GEORGIA," Atlanta, GA - AL - NC DMA",34.6308,-83.5159
GWINNETT,GEORGIA," Atlanta, GA - AL - NC DMA",33.9601,-84.0453
GREENE,GEORGIA," Atlanta, GA - AL - NC DMA",33.5582,-83.1539
GORDON,GEORGIA," Atlanta, GA - AL - NC DMA",34.5244,-84.8721
GILMER,GEORGIA," Atlanta, GA - AL - NC DMA",34.7061,-84.4542
FULTON,GEORGIA," Atlanta, GA - AL - NC DMA",33.845,-84.4039
FORSYTH,GEORGIA," Atlanta, GA - AL - NC DMA",34.193,-84.1509
FLOYD,GEORGIA," Atlanta, GA - AL - NC DMA",34.335,-85.194
FAYETTE,GEORGIA," Atlanta, GA - AL - NC DMA",33.4038,-84.5001
DOUGLAS,GEORGIA," Atlanta, GA - AL - NC DMA",33.69,-84.7665
DE KALB,GEORGIA," Atlanta, GA - AL - NC DMA",33.7931,-84.22
DAWSON,GEORGIA," Atlanta, GA - AL - NC DMA",34.4804,-84.2231
COWETA,GEORGIA," Atlanta, GA - AL - NC DMA",33.3514,-84.7798
COBB,GEORGIA," Atlanta, GA - AL - NC DMA",33.9125,-84.585
CLAYTON,GEORGIA," Atlanta, GA - AL - NC DMA",33.5008,-84.352
CLARKE,GEORGIA," Atlanta, GA - AL - NC DMA",33.9437,-83.3976
CHEROKEE,GEORGIA," Atlanta, GA - AL - NC DMA",34.2442,-84.4561
CHATTOOGA,GEORGIA," Atlanta, GA - AL - NC DMA",34.4379,-85.337
CARROLL,GEORGIA," Atlanta, GA - AL - NC DMA",33.6142,-85.1175
BUTTS,GEORGIA," Atlanta, GA - AL - NC DMA",33.3124,-83.948
BARTOW,GEORGIA," Atlanta, GA - AL - NC DMA",34.2431,-84.8388
BARROW,GEORGIA," Atlanta, GA - AL - NC DMA",34.0119,-83.7101
BANKS,GEORGIA," Atlanta, GA - AL - NC DMA",34.3445,-83.5214
RANDOLPH,ALABAMA," Atlanta, GA - AL - NC DMA",33.3006,-85.4599
CLEBURNE,ALABAMA," Atlanta, GA - AL - NC DMA",33.7164,-85.4945
WHEELER,TEXAS," Amarillo, TX -NM - OK DMA",35.4067,-100.2697
SWISHER,TEXAS," Amarillo, TX -NM - OK DMA",34.535,-101.7351
SHERMAN,TEXAS," Amarillo, TX -NM - OK DMA",36.2705,-101.8934
ROBERTS,TEXAS," Amarillo, TX -NM - OK DMA",35.8244,-100.8135
RANDALL,TEXAS," Amarillo, TX -NM - OK DMA",34.9643,-101.8967
POTTER,TEXAS," Amarillo, TX -NM - OK DMA",35.3994,-101.8943
PARMER,TEXAS," Amarillo, TX -NM - OK DMA",34.5279,-102.7843
OLDHAM,TEXAS," Amarillo, TX -NM - OK DMA",35.4003,-102.6039
OCHILTREE,TEXAS," Amarillo, TX -NM - OK DMA",36.2819,-100.8158
MOORE,TEXAS," Amarillo, TX -NM - OK DMA",35.8374,-101.8929
LIPSCOMB,TEXAS," Amarillo, TX -NM - OK DMA",36.3128,-100.2732
HUTCHINSON,TEXAS," Amarillo, TX -NM - OK DMA",35.8101,-101.3545
HEMPHILL,TEXAS," Amarillo, TX -NM - OK DMA",35.8244,-100.2707
HARTLEY,TEXAS," Amarillo, TX -NM - OK DMA",35.852,-102.602
HANSFORD,TEXAS," Amarillo, TX -NM - OK DMA",36.2744,-101.3546
HALL,TEXAS," Amarillo, TX -NM - OK DMA",34.534,-100.6806
GRAY,TEXAS," Amarillo, TX -NM - OK DMA",35.3987,-100.8124
DONLEY,TEXAS," Amarillo, TX -NM - OK DMA",34.9669,-100.8141
DEAF SMITH,TEXAS," Amarillo, TX -NM - OK DMA",34.9635,-102.6051
DALLAM,TEXAS," Amarillo, TX -NM - OK DMA",36.2673,-102.6022
COTTLE,TEXAS," Amarillo, TX -NM - OK DMA",34.0712,-100.2829
COLLINGSWORTH,TEXAS," Amarillo, TX -NM - OK DMA",34.9674,-100.2701
CHILDRESS,TEXAS," Amarillo, TX -NM - OK DMA",34.5307,-100.2067
CASTRO,TEXAS," Amarillo, TX -NM - OK DMA",34.5304,-102.2618
CARSON,TEXAS," Amarillo, TX -NM - OK DMA",35.3997,-101.3546
BRISCOE,TEXAS," Amarillo, TX -NM - OK DMA",34.535,-101.2086
ARMSTRONG,TEXAS," Amarillo, TX -NM - OK DMA",34.9658,-101.3572
TEXAS,OKLAHOMA," Amarillo, TX -NM - OK DMA",36.7482,-101.4928
CIMARRON,OKLAHOMA," Amarillo, TX -NM - OK DMA",36.7562,-102.5169
BEAVER,OKLAHOMA," Amarillo, TX -NM - OK DMA",36.7557,-100.4789
UNION,NEW MEXICO," Amarillo, TX -NM - OK DMA",36.3704,-103.5249
ROOSEVELT,NEW MEXICO," Amarillo, TX -NM - OK DMA",34.0899,-103.4948
QUAY,NEW MEXICO," Amarillo, TX -NM - OK DMA",35.1756,-103.5469
CURRY,NEW MEXICO," Amarillo, TX -NM - OK DMA",34.6369,-103.3746
MORTON,KANSAS," Amarillo, TX -NM - OK DMA",37.1923,-101.7989
ALPENA,MICHIGAN," Alpena, MI DMA",45.032,-83.6662
ALCONA,MICHIGAN," Alpena, MI DMA",44.6843,-83.5837
VERNON,LOUISIANA," Alexandria, LA DMA",31.1122,-93.1867
RAPIDES,LOUISIANA," Alexandria, LA DMA",31.2026,-92.5312
GRANT,LOUISIANA," Alexandria, LA DMA",31.5928,-92.5634
AVOYELLES,LOUISIANA," Alexandria, LA DMA",31.0964,-91.9696
VALENCIA,NEW MEXICO," Albuquerque - Santa Fe, NM - AZ - CO DMA",34.697,-106.835
TORRANCE,NEW MEXICO," Albuquerque - Santa Fe, NM - AZ - CO DMA",34.6498,-105.878
TAOS,NEW MEXICO," Albuquerque - Santa Fe, NM - AZ - CO DMA",36.5058,-105.6413
SOCORRO,NEW MEXICO," Albuquerque - Santa Fe, NM - AZ - CO DMA",34.0443,-106.8211
SIERRA,NEW MEXICO," Albuquerque - Santa Fe, NM - AZ - CO DMA",33.0436,-107.1072
SANTA FE,NEW MEXICO," Albuquerque - Santa Fe, NM - AZ - CO DMA",35.5163,-105.9833
SANDOVAL,NEW MEXICO," Albuquerque - Santa Fe, NM - AZ - CO DMA",35.7068,-106.7786
SAN MIGUEL,NEW MEXICO," Albuquerque - Santa Fe, NM - AZ - CO DMA",35.4542,-104.7319
SAN JUAN,NEW MEXICO," Albuquerque - Santa Fe, NM - AZ - CO DMA",36.5045,-108.3355
RIO ARRIBA,NEW MEXICO," Albuquerque - Santa Fe, NM - AZ - CO DMA",36.4672,-106.7823
OTERO,NEW MEXICO," Albuquerque - Santa Fe, NM - AZ - CO DMA",32.6969,-105.8645
MORA,NEW MEXICO," Albuquerque - Santa Fe, NM - AZ - CO DMA",36.0086,-104.9416
MCKINLEY,NEW MEXICO," Albuquerque - Santa Fe, NM - AZ - CO DMA",35.4565,-108.1768
LUNA,NEW MEXICO," Albuquerque - Santa Fe, NM - AZ - CO DMA",32.1966,-107.7641
LOS ALAMOS,NEW MEXICO," Albuquerque - Santa Fe, NM - AZ - CO DMA",35.8672,-106.324
LINCOLN,NEW MEXICO," Albuquerque - Santa Fe, NM - AZ - CO DMA",33.7438,-105.472
LEA,NEW MEXICO," Albuquerque - Santa Fe, NM - AZ - CO DMA",32.7925,-103.4398
HIDALGO,NEW MEXICO," Albuquerque - Santa Fe, NM - AZ - CO DMA",32.0624,-108.7865
HARDING,NEW MEXICO," Albuquerque - Santa Fe, NM - AZ - CO DMA",35.8052,-103.8729
GUADALUPE,NEW MEXICO," Albuquerque - Santa Fe, NM - AZ - CO DMA",34.7867,-104.7101
GRANT,NEW MEXICO," Albuquerque - Santa Fe, NM - AZ - CO DMA",32.5305,-108.2852
EDDY,NEW MEXICO," Albuquerque - Santa Fe, NM - AZ - CO DMA",32.4808,-104.2872
DE BACA,NEW MEXICO," Albuquerque - Santa Fe, NM - AZ - CO DMA",34.3886,-104.4205
COLFAX,NEW MEXICO," Albuquerque - Santa Fe, NM - AZ - CO DMA",36.608,-104.6914
CIBOLA,NEW MEXICO," Albuquerque - Santa Fe, NM - AZ - CO DMA",34.9699,-107.7712
CHAVES,NEW MEXICO," Albuquerque - Santa Fe, NM - AZ - CO DMA",33.3103,-104.326
CATRON,NEW MEXICO," Albuquerque - Santa Fe, NM - AZ - CO DMA",33.9034,-108.3815
BERNALILLO,NEW MEXICO," Albuquerque - Santa Fe, NM - AZ - CO DMA",35.0448,-106.677
MONTEZUMA,COLORADO," Albuquerque - Santa Fe, NM - AZ - CO DMA",37.3197,-108.6287
LA PLATA,COLORADO," Albuquerque - Santa Fe, NM - AZ - CO DMA",37.3197,-107.8468
COSTILLA,COLORADO," Albuquerque - Santa Fe, NM - AZ - CO DMA",37.3277,-105.4554
APACHE,ARIZONA," Albuquerque - Santa Fe, NM - AZ - CO DMA",35.3025,-109.4451
WORTH,GEORGIA," Albany, GA DMA",31.5845,-83.8333
TURNER,GEORGIA," Albany, GA DMA",31.7095,-83.6251
TIFT,GEORGIA," Albany, GA DMA",31.4588,-83.5179
TERRELL,GEORGIA," Albany, GA DMA",31.7942,-84.4316
MITCHELL,GEORGIA," Albany, GA DMA",31.2606,-84.1797
LEE,GEORGIA," Albany, GA DMA",31.7691,-84.1367
IRWIN,GEORGIA," Albany, GA DMA",31.6216,-83.2681
DOUGHERTY,GEORGIA," Albany, GA DMA",31.5429,-84.2219
CRISP,GEORGIA," Albany, GA DMA",31.9167,-83.7665
COOK,GEORGIA," Albany, GA DMA",31.1889,-83.4296
COLQUITT,GEORGIA," Albany, GA DMA",31.1805,-83.77
COFFEE,GEORGIA," Albany, GA DMA",31.5867,-82.8437
CALHOUN,GEORGIA," Albany, GA DMA",31.5358,-84.6324
BERRIEN,GEORGIA," Albany, GA DMA",31.251,-83.1933
BEN HILL,GEORGIA," Albany, GA DMA",31.7537,-83.1608
BAKER,GEORGIA," Albany, GA DMA",31.2669,-84.4974
ATKINSON,GEORGIA," Albany, GA DMA",31.302,-82.8413
BENNINGTON,VERMONT," Albany - Schenectady - Troy, NY - MA - VT DMA",43.0268,-73.1364
WASHINGTON,NEW YORK," Albany - Schenectady - Troy, NY - MA - VT DMA",43.376,-73.4303
WARREN,NEW YORK," Albany - Schenectady - Troy, NY - MA - VT DMA",43.5152,-73.9062
SCHOHARIE,NEW YORK," Albany - Schenectady - Troy, NY - MA - VT DMA",42.5925,-74.4362
SCHENECTADY,NEW YORK," Albany - Schenectady - Troy, NY - MA - VT DMA",42.8329,-74.0442
SARATOGA,NEW YORK," Albany - Schenectady - Troy, NY - MA - VT DMA",43.0872,-73.8458
RENSSELAER,NEW YORK," Albany - Schenectady - Troy, NY - MA - VT DMA",42.713,-73.4898
MONTGOMERY,NEW YORK," Albany - Schenectady - Troy, NY - MA - VT DMA",42.9109,-74.4198
HAMILTON,NEW YORK," Albany - Schenectady - Troy, NY - MA - VT DMA",43.6856,-74.505
GREENE,NEW YORK," Albany - Schenectady - Troy, NY - MA - VT DMA",42.2823,-74.1308
FULTON,NEW YORK," Albany - Schenectady - Troy, NY - MA - VT DMA",43.1354,-74.427
COLUMBIA,NEW YORK," Albany - Schenectady - Troy, NY - MA - VT DMA",42.2448,-73.6407
ALBANY,NEW YORK," Albany - Schenectady - Troy, NY - MA - VT DMA",42.6169,-73.977
BERKSHIRE,MASSACHUSETTS," Albany - Schenectady - Troy, NY - MA - VT DMA",42.3939,-73.2014
TAYLOR,TEXAS," Abilene - Sweetwater, TX DMA",32.3045,-99.8901
STONEWALL,TEXAS," Abilene - Sweetwater, TX DMA",33.1802,-100.2535
STEPHENS,TEXAS," Abilene - Sweetwater, TX DMA",32.7377,-98.836
SHACKELFORD,TEXAS," Abilene - Sweetwater, TX DMA",32.7367,-99.354
SCURRY,TEXAS," Abilene - Sweetwater, TX DMA",32.7541,-100.9166
RUNNELS,TEXAS," Abilene - Sweetwater, TX DMA",31.839,-99.9766
NOLAN,TEXAS," Abilene - Sweetwater, TX DMA",32.3092,-100.4063
MITCHELL,TEXAS," Abilene - Sweetwater, TX DMA",32.2991,-100.9214
JONES,TEXAS," Abilene - Sweetwater, TX DMA",32.7392,-99.8789
HASKELL,TEXAS," Abilene - Sweetwater, TX DMA",33.1786,-99.7307
FISHER,TEXAS," Abilene - Sweetwater, TX DMA",32.7425,-100.4024
EASTLAND,TEXAS," Abilene - Sweetwater, TX DMA",32.2936,-98.8015
COLEMAN,TEXAS," Abilene - Sweetwater, TX DMA",31.7432,-99.4612
CALLAHAN,TEXAS," Abilene - Sweetwater, TX DMA",32.2983,-99.3739
BROWN,TEXAS," Abilene - Sweetwater, TX DMA",31.7664,-98.958
